sample_id,record_number,source_record,genotype,treatment,learning,BDNF,pCREB
309,1,309_1,Control,Memantine,C/S,0.4301753,0.232223754
309,2,309_2,Control,Memantine,C/S,0.411770344,0.226972108
309,3,309_3,Control,Memantine,C/S,0.418308781,0.230246795
309,4,309_4,Control,Memantine,C/S,0.358626307,0.207004208
309,5,309_5,Control,Memantine,C/S,0.358802202,0.192157916
309,6,309_6,Control,Memantine,C/S,0.36738809,0.195187525
309,7,309_7,Control,Memantine,C/S,0.342708988,0.195788812
309,8,309_8,Control,Memantine,C/S,0.327702703,0.18980344
309,9,309_9,Control,Memantine,C/S,0.317720418,0.180684455
309,10,309_10,Control,Memantine,C/S,0.362462159,0.188092836
309,11,309_11,Control,Memantine,C/S,0.327792418,0.185282789
309,12,309_12,Control,Memantine,C/S,0.355123675,0.190223793
309,13,309_13,Control,Memantine,C/S,0.312539251,0.171027842
309,14,309_14,Control,Memantine,C/S,0.31095107,0.179834781
309,15,309_15,Control,Memantine,C/S,0.344629287,0.176422263
311,1,311_1,Control,Memantine,C/S,0.377741793,0.19446489
311,2,311_2,Control,Memantine,C/S,0.351590595,0.174688797
311,3,311_3,Control,Memantine,C/S,0.350110314,0.171400993
311,4,311_4,Control,Memantine,C/S,0.356396867,0.190973517
311,5,311_5,Control,Memantine,C/S,0.312479741,0.16191248
311,6,311_6,Control,Memantine,C/S,0.319700661,0.174556213
311,7,311_7,Control,Memantine,C/S,0.387750349,0.182114578
311,8,311_8,Control,Memantine,C/S,0.349773756,0.176696833
311,9,311_9,Control,Memantine,C/S,0.308488176,0.168074324
311,10,311_10,Control,Memantine,C/S,0.320852692,0.178190763
311,11,311_11,Control,Memantine,C/S,0.384445147,0.202023396
311,12,311_12,Control,Memantine,C/S,0.304278501,0.178049429
311,13,311_13,Control,Memantine,C/S,0.29130967,0.1624847
311,14,311_14,Control,Memantine,C/S,0.316055626,0.162136536
311,15,311_15,Control,Memantine,C/S,0.287250384,0.169892473
320,1,320_1,Control,Memantine,C/S,0.446958318,0.232256853
320,2,320_2,Control,Memantine,C/S,0.464963919,0.259020129
320,3,320_3,Control,Memantine,C/S,0.470055645,0.258794681
320,4,320_4,Control,Memantine,C/S,0.393464692,0.209154326
320,5,320_5,Control,Memantine,C/S,0.411203215,0.218538056
320,6,320_6,Control,Memantine,C/S,0.421203796,0.221028971
320,7,320_7,Control,Memantine,C/S,0.363541043,0.190832834
320,8,320_8,Control,Memantine,C/S,0.385529158,0.200401111
320,9,320_9,Control,Memantine,C/S,0.39158777,0.195405867
320,10,320_10,Control,Memantine,C/S,0.370568052,0.208921083
320,11,320_11,Control,Memantine,C/S,0.38436851,0.20841986
320,12,320_12,Control,Memantine,C/S,0.383670384,0.208278208
320,13,320_13,Control,Memantine,C/S,0.36030082,0.220601641
320,14,320_14,Control,Memantine,C/S,0.371539693,0.244566461
320,15,320_15,Control,Memantine,C/S,0.360785199,0.199232852
321,1,321_1,Control,Memantine,C/S,0.40296215,0.198354361
321,2,321_2,Control,Memantine,C/S,0.401297297,0.205081081
321,3,321_3,Control,Memantine,C/S,0.417958656,0.210594315
321,4,321_4,Control,Memantine,C/S,0.376029022,0.190037673
321,5,321_5,Control,Memantine,C/S,0.381124722,0.198496659
321,6,321_6,Control,Memantine,C/S,0.385842881,0.197081288
321,7,321_7,Control,Memantine,C/S,0.342756775,0.183506189
321,8,321_8,Control,Memantine,C/S,0.357512061,0.19314266
321,9,321_9,Control,Memantine,C/S,0.361935266,0.1908294
321,10,321_10,Control,Memantine,C/S,0.324573226,0.206199461
321,11,321_11,Control,Memantine,C/S,0.338937458,0.204662632
321,12,321_12,Control,Memantine,C/S,0.334286343,0.196613152
321,13,321_13,Control,Memantine,C/S,0.308093995,0.204960836
321,14,321_14,Control,Memantine,C/S,0.326368686,0.206559111
321,15,321_15,Control,Memantine,C/S,0.331942634,0.200521512
322,1,322_1,Control,Memantine,C/S,0.315109108,0.17955408
322,2,322_2,Control,Memantine,C/S,0.333042067,0.189239795
322,3,322_3,Control,Memantine,C/S,0.342568326,0.181579933
322,4,322_4,Control,Memantine,C/S,0.322269638,0.183657342
322,5,322_5,Control,Memantine,C/S,0.316708622,0.175739459
322,6,322_6,Control,Memantine,C/S,0.32354342,0.180346087
322,7,322_7,Control,Memantine,C/S,0.303490436,0.18339578
322,8,322_8,Control,Memantine,C/S,0.30297689,0.180963572
322,9,322_9,Control,Memantine,C/S,0.295910494,0.175154321
322,10,322_10,Control,Memantine,C/S,0.296166433,0.184431978
322,11,322_11,Control,Memantine,C/S,0.301080211,0.176281315
322,12,322_12,Control,Memantine,C/S,0.310731821,0.17512275
322,13,322_13,Control,Memantine,C/S,0.322732301,0.192477876
322,14,322_14,Control,Memantine,C/S,0.318987342,0.192123769
322,15,322_15,Control,Memantine,C/S,0.321250692,0.184560044
3415,1,3415_1,Control,Memantine,C/S,0.405861767,0.23928259
3415,2,3415_2,Control,Memantine,C/S,0.388583691,0.221030043
3415,3,3415_3,Control,Memantine,C/S,0.400561453,0.222300202
3415,4,3415_4,Control,Memantine,C/S,0.348346314,0.194152839
3415,5,3415_5,Control,Memantine,C/S,0.350050716,0.194297306
3415,6,3415_6,Control,Memantine,C/S,0.343910042,0.193052772
3415,7,3415_7,Control,Memantine,C/S,0.311961722,0.190020506
3415,8,3415_8,Control,Memantine,C/S,0.299947971,0.163891779
3415,9,3415_9,Control,Memantine,C/S,0.30590604,0.173959732
3415,10,3415_10,Control,Memantine,C/S,0.266223232,0.147955873
3415,11,3415_11,Control,Memantine,C/S,0.262430939,0.165420864
3415,12,3415_12,Control,Memantine,C/S,0.258428805,0.167430442
3415,13,3415_13,Control,Memantine,C/S,0.261285075,0.135217568
3415,14,3415_14,Control,Memantine,C/S,0.261164274,0.137958533
3415,15,3415_15,Control,Memantine,C/S,0.257909491,0.142571085
3499,1,3499_1,Control,Memantine,C/S,0.349929128,0.233965273
3499,2,3499_2,Control,Memantine,C/S,0.355206074,0.237075199
3499,3,3499_3,Control,Memantine,C/S,0.362377484,0.236309684
3499,4,3499_4,Control,Memantine,C/S,0.302132435,0.201795735
3499,5,3499_5,Control,Memantine,C/S,0.308327676,0.197103417
3499,6,3499_6,Control,Memantine,C/S,0.306515581,0.194107649
3499,7,3499_7,Control,Memantine,C/S,0.266096866,0.164957265
3499,8,3499_8,Control,Memantine,C/S,0.264008005,0.159090909
3499,9,3499_9,Control,Memantine,C/S,0.268153915,0.167689774
3499,10,3499_10,Control,Memantine,C/S,0.255778894,0.155108878
3499,11,3499_11,Control,Memantine,C/S,0.251350439,0.150236327
3499,12,3499_12,Control,Memantine,C/S,0.296085532,0.151577858
3499,13,3499_13,Control,Memantine,C/S,0.284346847,0.138513514
3499,14,3499_14,Control,Memantine,C/S,0.236207219,0.140826632
3499,15,3499_15,Control,Memantine,C/S,0.21584343,0.135135135
3507,1,3507_1,Control,Memantine,C/S,0.337220879,0.227705874
3507,2,3507_2,Control,Memantine,C/S,0.332252608,0.22511982
3507,3,3507_3,Control,Memantine,C/S,0.341173096,0.222572781
3507,4,3507_4,Control,Memantine,C/S,0.307379714,0.2039987
3507,5,3507_5,Control,Memantine,C/S,0.323729094,0.203179334
3507,6,3507_6,Control,Memantine,C/S,0.326544467,0.211133741
3507,7,3507_7,Control,Memantine,C/S,0.304048742,0.210888365
3507,8,3507_8,Control,Memantine,C/S,0.313173157,0.202361226
3507,9,3507_9,Control,Memantine,C/S,0.305140962,0.213723051
3507,10,3507_10,Control,Memantine,C/S,0.284329946,0.199480028
3507,11,3507_11,Control,Memantine,C/S,0.311242023,0.206921944
3507,12,3507_12,Control,Memantine,C/S,0.31012333,0.206577595
3507,13,3507_13,Control,Memantine,C/S,0.336109459,0.226948245
3507,14,3507_14,Control,Memantine,C/S,0.295235394,0.237663074
3507,15,3507_15,Control,Memantine,C/S,0.331598728,0.240242845
3520,1,3520_1,Control,Memantine,C/S,0.393314501,0.246986817
3520,2,3520_2,Control,Memantine,C/S,0.394525268,0.243587289
3520,3,3520_3,Control,Memantine,C/S,0.390470767,0.23443432
3520,4,3520_4,Control,Memantine,C/S,0.369172342,0.223022525
3520,5,3520_5,Control,Memantine,C/S,0.35777692,0.204940178
3520,6,3520_6,Control,Memantine,C/S,0.350833768,0.208051068
3520,7,3520_7,Control,Memantine,C/S,0.328569134,0.208286494
3520,8,3520_8,Control,Memantine,C/S,0.331195244,0.195869837
3520,9,3520_9,Control,Memantine,C/S,0.309215537,0.193602437
3520,10,3520_10,Control,Memantine,C/S,0.310204082,0.206938776
3520,11,3520_11,Control,Memantine,C/S,0.313192557,0.2226636
3520,12,3520_12,Control,Memantine,C/S,0.335357215,0.207447885
3520,13,3520_13,Control,Memantine,C/S,0.305296714,0.214320745
3520,14,3520_14,Control,Memantine,C/S,0.323751891,0.225163893
3520,15,3520_15,Control,Memantine,C/S,0.308157831,0.2050351
3521,1,3521_1,Control,Memantine,C/S,0.441881614,0.277695106
3521,2,3521_2,Control,Memantine,C/S,0.447824637,0.273795633
3521,3,3521_3,Control,Memantine,C/S,0.431228585,0.261951379
3521,4,3521_4,Control,Memantine,C/S,0.386822409,0.234633704
3521,5,3521_5,Control,Memantine,C/S,0.387912462,0.228937521
3521,6,3521_6,Control,Memantine,C/S,0.381477398,0.226681367
3521,7,3521_7,Control,Memantine,C/S,0.363164203,0.210280996
3521,8,3521_8,Control,Memantine,C/S,0.344836775,0.207728181
3521,9,3521_9,Control,Memantine,C/S,0.351973244,0.204949833
3521,10,3521_10,Control,Memantine,C/S,0.335082197,0.201818818
3521,11,3521_11,Control,Memantine,C/S,0.338439615,0.204666904
3521,12,3521_12,Control,Memantine,C/S,0.33813987,0.207281903
3521,13,3521_13,Control,Memantine,C/S,0.312938596,0.211403509
3521,14,3521_14,Control,Memantine,C/S,0.326589595,0.206758559
3521,15,3521_15,Control,Memantine,C/S,0.306182122,0.197786132
294,1,294_1,Control,Memantine,S/C,0.308490308,0.227409227
294,2,294_2,Control,Memantine,S/C,0.289043982,0.211614432
294,3,294_3,Control,Memantine,S/C,0.32184851,0.217528028
294,4,294_4,Control,Memantine,S/C,0.299533598,0.206253239
294,5,294_5,Control,Memantine,S/C,0.297411605,0.203857215
294,6,294_6,Control,Memantine,S/C,0.283040552,0.204071581
294,7,294_7,Control,Memantine,S/C,0.316701903,0.241226216
294,8,294_8,Control,Memantine,S/C,0.294576828,0.225349219
294,9,294_9,Control,Memantine,S/C,0.281316554,0.198063892
294,10,294_10,Control,Memantine,S/C,0.34338495,0.239337137
294,11,294_11,Control,Memantine,S/C,0.326210093,0.220906282
294,12,294_12,Control,Memantine,S/C,0.325207469,0.223288382
294,13,294_13,Control,Memantine,S/C,0.324550527,0.238065716
294,14,294_14,Control,Memantine,S/C,0.365986395,0.251020408
294,15,294_15,Control,Memantine,S/C,0.362389814,0.246163892
3412,1,3412_1,Control,Memantine,S/C,0.281871827,0.215589406
3412,2,3412_2,Control,Memantine,S/C,0.298375805,0.221366564
3412,3,3412_3,Control,Memantine,S/C,0.303705807,0.236546926
3412,4,3412_4,Control,Memantine,S/C,0.293353836,0.208440116
3412,5,3412_5,Control,Memantine,S/C,0.304831422,0.215849844
3412,6,3412_6,Control,Memantine,S/C,0.29828251,0.223624255
3412,7,3412_7,Control,Memantine,S/C,0.30015083,0.211592329
3412,8,3412_8,Control,Memantine,S/C,0.299458288,0.213434453
3412,9,3412_9,Control,Memantine,S/C,0.294462541,0.222149837
3412,10,3412_10,Control,Memantine,S/C,0.304347826,0.206643869
3412,11,3412_11,Control,Memantine,S/C,0.299629172,0.213844252
3412,12,3412_12,Control,Memantine,S/C,0.321589205,0.223388306
3412,13,3412_13,Control,Memantine,S/C,0.3171875,0.2259375
3412,14,3412_14,Control,Memantine,S/C,0.317687286,0.232825614
3412,15,3412_15,Control,Memantine,S/C,0.346354167,0.237630208
3413,1,3413_1,Control,Memantine,S/C,0.265467626,0.202068345
3413,2,3413_2,Control,Memantine,S/C,0.115181402,0.19232124
3413,3,3413_3,Control,Memantine,S/C,0.266897148,0.196974935
3413,4,3413_4,Control,Memantine,S/C,0.232138956,0.164955211
3413,5,3413_5,Control,Memantine,S/C,0.255172414,0.169458128
3413,6,3413_6,Control,Memantine,S/C,0.239452055,0.171726027
3413,7,3413_7,Control,Memantine,S/C,0.221028905,0.15924158
3413,8,3413_8,Control,Memantine,S/C,0.217385621,0.150980392
3413,9,3413_9,Control,Memantine,S/C,0.222236705,0.150938478
3413,10,3413_10,Control,Memantine,S/C,0.212386795,0.135261467
3413,11,3413_11,Control,Memantine,S/C,0.198158702,0.134882362
3413,12,3413_12,Control,Memantine,S/C,0.220139771,0.146601017
3413,13,3413_13,Control,Memantine,S/C,0.185979513,0.127400768
3413,14,3413_14,Control,Memantine,S/C,0.197270686,0.127483158
3413,15,3413_15,Control,Memantine,S/C,0.228643705,0.147304923
3419,1,3419_1,Control,Memantine,S/C,0.294584838,0.221083032
3419,2,3419_2,Control,Memantine,S/C,0.290589602,0.214057508
3419,3,3419_3,Control,Memantine,S/C,0.279473537,0.205404649
3419,4,3419_4,Control,Memantine,S/C,0.282661571,0.211084086
3419,5,3419_5,Control,Memantine,S/C,0.284984138,0.212019739
3419,6,3419_6,Control,Memantine,S/C,0.258191997,0.198583896
3419,7,3419_7,Control,Memantine,S/C,0.269407346,0.213480801
3419,8,3419_8,Control,Memantine,S/C,0.252742869,0.200079793
3419,9,3419_9,Control,Memantine,S/C,0.248001599,0.20303757
3419,10,3419_10,Control,Memantine,S/C,0.308648649,0.234594595
3419,11,3419_11,Control,Memantine,S/C,0.280010438,0.230167015
3419,12,3419_12,Control,Memantine,S/C,0.267983419,0.212874909
3419,13,3419_13,Control,Memantine,S/C,0.317257218,0.262795276
3419,14,3419_14,Control,Memantine,S/C,0.283713851,0.256316591
3419,15,3419_15,Control,Memantine,S/C,0.272194821,0.232737361
3420,1,3420_1,Control,Memantine,S/C,0.26672484,0.213496219
3420,2,3420_2,Control,Memantine,S/C,0.26,0.222627737
3420,3,3420_3,Control,Memantine,S/C,0.247090663,0.194046008
3420,4,3420_4,Control,Memantine,S/C,0.268394346,0.225625227
3420,5,3420_5,Control,Memantine,S/C,0.267684022,0.217055655
3420,6,3420_6,Control,Memantine,S/C,0.239206908,0.18835945
3420,7,3420_7,Control,Memantine,S/C,0.31383452,0.225088968
3420,8,3420_8,Control,Memantine,S/C,0.260969977,0.207642242
3420,9,3420_9,Control,Memantine,S/C,0.249135652,0.217408989
3420,10,3420_10,Control,Memantine,S/C,0.337398374,0.305190744
3420,11,3420_11,Control,Memantine,S/C,0.324469769,0.285533397
3420,12,3420_12,Control,Memantine,S/C,0.301639344,0.261102832
3420,13,3420_13,Control,Memantine,S/C,0.397491039,0.292473118
3420,14,3420_14,Control,Memantine,S/C,0.335948158,0.273874488
3420,15,3420_15,Control,Memantine,S/C,0.342714642,0.283576772
3500,1,3500_1,Control,Memantine,S/C,0.327984199,0.220343168
3500,2,3500_2,Control,Memantine,S/C,0.291023764,0.198445771
3500,3,3500_3,Control,Memantine,S/C,0.291796111,0.201357726
3500,4,3500_4,Control,Memantine,S/C,0.324419114,0.206780652
3500,5,3500_5,Control,Memantine,S/C,0.285832415,0.192668137
3500,6,3500_6,Control,Memantine,S/C,0.275020793,0.187551982
3500,7,3500_7,Control,Memantine,S/C,0.316703559,0.201089733
3500,8,3500_8,Control,Memantine,S/C,0.263367917,0.18499601
3500,9,3500_9,Control,Memantine,S/C,0.265627537,0.182172431
3500,10,3500_10,Control,Memantine,S/C,0.276941601,0.179811359
3500,11,3500_11,Control,Memantine,S/C,0.26371308,0.179324895
3500,12,3500_12,Control,Memantine,S/C,0.258155231,0.171353581
3500,13,3500_13,Control,Memantine,S/C,0.320754717,0.191340106
3500,14,3500_14,Control,Memantine,S/C,0.280268022,0.18461183
3500,15,3500_15,Control,Memantine,S/C,0.280898876,0.187265918
3503,1,3503_1,Control,Memantine,S/C,0.290876474,0.186058432
3503,2,3503_2,Control,Memantine,S/C,0.309183948,0.194990574
3503,3,3503_3,Control,Memantine,S/C,0.288297733,0.194469925
3503,4,3503_4,Control,Memantine,S/C,0.311251664,0.198069241
3503,5,3503_5,Control,Memantine,S/C,0.284369115,0.188794727
3503,6,3503_6,Control,Memantine,S/C,0.279554264,0.191860465
3503,7,3503_7,Control,Memantine,S/C,0.267342167,0.183943882
3503,8,3503_8,Control,Memantine,S/C,0.28141698,0.183059569
3503,9,3503_9,Control,Memantine,S/C,0.315329318,0.179327764
3503,10,3503_10,Control,Memantine,S/C,0.31290602,0.179514942
3503,11,3503_11,Control,Memantine,S/C,0.297578638,0.181941616
3503,12,3503_12,Control,Memantine,S/C,0.267662135,0.196790729
3503,13,3503_13,Control,Memantine,S/C,0.268236646,0.184951177
3503,14,3503_14,Control,Memantine,S/C,0.316858869,0.169412411
3503,15,3503_15,Control,Memantine,S/C,0.332021792,0.182506053
362,1,362_1,Control,Memantine,S/C,0.305588429,0.19947403
362,2,362_2,Control,Memantine,S/C,0.299698202,0.188557932
362,3,362_3,Control,Memantine,S/C,0.296756209,0.176507856
362,4,362_4,Control,Memantine,S/C,0.286402312,0.178840905
362,5,362_5,Control,Memantine,S/C,0.289150868,0.183367851
362,6,362_6,Control,Memantine,S/C,0.280287635,0.172893544
362,7,362_7,Control,Memantine,S/C,0.276961252,0.163199084
362,8,362_8,Control,Memantine,S/C,0.265610262,0.16789285
362,9,362_9,Control,Memantine,S/C,0.276144109,0.173515093
362,10,362_10,Control,Memantine,S/C,0.290691887,0.174962668
362,11,362_11,Control,Memantine,S/C,0.274701671,0.172792363
362,12,362_12,Control,Memantine,S/C,0.249596681,0.180225858
362,13,362_13,Control,Memantine,S/C,0.303225806,0.189677419
362,14,362_14,Control,Memantine,S/C,0.284480099,0.175563098
362,15,362_15,Control,Memantine,S/C,0.27866939,0.168077035
364,1,364_1,Control,Memantine,S/C,0.337857815,0.237064911
364,2,364_2,Control,Memantine,S/C,0.337149087,0.2491142
364,3,364_3,Control,Memantine,S/C,0.371796749,0.272074974
364,4,364_4,Control,Memantine,S/C,0.319888047,0.22818571
364,5,364_5,Control,Memantine,S/C,0.331918506,0.239388795
364,6,364_6,Control,Memantine,S/C,0.345113978,0.262767273
364,7,364_7,Control,Memantine,S/C,0.302771411,0.227964159
364,8,364_8,Control,Memantine,S/C,0.30942667,0.241142366
364,9,364_9,Control,Memantine,S/C,0.303419689,0.237098446
364,10,364_10,Control,Memantine,S/C,0.310131477,0.237947925
364,11,364_11,Control,Memantine,S/C,0.363934426,0.263661202
364,12,364_12,Control,Memantine,S/C,0.317728319,0.244563827
364,13,364_13,Control,Memantine,S/C,0.268688082,0.248273792
364,14,364_14,Control,Memantine,S/C,0.258377425,0.278365667
364,15,364_15,Control,Memantine,S/C,0.331821354,0.300418702
365,1,365_1,Control,Memantine,S/C,0.337206545,0.211761916
365,2,365_2,Control,Memantine,S/C,0.347400242,0.225513906
365,3,365_3,Control,Memantine,S/C,0.355216466,0.231724627
365,4,365_4,Control,Memantine,S/C,0.316156191,0.209174046
365,5,365_5,Control,Memantine,S/C,0.323482078,0.208339429
365,6,365_6,Control,Memantine,S/C,0.307015092,0.201788709
365,7,365_7,Control,Memantine,S/C,0.281439197,0.198235599
365,8,365_8,Control,Memantine,S/C,0.292704786,0.208460298
365,9,365_9,Control,Memantine,S/C,0.303951921,0.229284283
365,10,365_10,Control,Memantine,S/C,0.2463138,0.179773157
365,11,365_11,Control,Memantine,S/C,0.291970803,0.202662087
365,12,365_12,Control,Memantine,S/C,0.288242731,0.198482933
365,13,365_13,Control,Memantine,S/C,0.279959463,0.209019508
365,14,365_14,Control,Memantine,S/C,0.317024887,0.231052036
365,15,365_15,Control,Memantine,S/C,0.338731086,0.216617998
3477,1,3477_1,Control,Saline,C/S,0.414979938,0.265893892
3477,2,3477_2,Control,Saline,C/S,0.42432531,0.275984683
3477,3,3477_3,Control,Saline,C/S,0.444759725,0.28228833
3477,4,3477_4,Control,Saline,C/S,0.390845886,0.240208575
3477,5,3477_5,Control,Saline,C/S,0.389175553,0.238390093
3477,6,3477_6,Control,Saline,C/S,0.414547605,0.256061502
3477,7,3477_7,Control,Saline,C/S,0.349670577,0.224168408
3477,8,3477_8,Control,Saline,C/S,0.361981302,0.220272265
3477,9,3477_9,Control,Saline,C/S,0.385111073,0.238256741
3477,10,3477_10,Control,Saline,C/S,0.37947644,0.222827225
3477,11,3477_11,Control,Saline,C/S,0.367043551,0.225083752
3477,12,3477_12,Control,Saline,C/S,0.372024436,0.225405519
3477,13,3477_13,Control,Saline,C/S,0.338769069,0.238558653
3477,14,3477_14,Control,Saline,C/S,0.357764303,0.230951753
3477,15,3477_15,Control,Saline,C/S,0.346470891,0.212004122
3478,1,3478_1,Control,Saline,C/S,0.419017131,0.224173732
3478,2,3478_2,Control,Saline,C/S,0.432892907,0.238960362
3478,3,3478_3,Control,Saline,C/S,0.463256803,0.235971988
3478,4,3478_4,Control,Saline,C/S,0.364471669,0.194486983
3478,5,3478_5,Control,Saline,C/S,0.376171829,0.190577904
3478,6,3478_6,Control,Saline,C/S,0.39099809,0.194842407
3478,7,3478_7,Control,Saline,C/S,0.339267767,0.182770998
3478,8,3478_8,Control,Saline,C/S,0.350977797,0.206734304
3478,9,3478_9,Control,Saline,C/S,0.369603267,0.183634772
3478,10,3478_10,Control,Saline,C/S,0.320470415,0.177692025
3478,11,3478_11,Control,Saline,C/S,0.311541144,0.17346583
3478,12,3478_12,Control,Saline,C/S,0.323897059,0.182904412
3478,13,3478_13,Control,Saline,C/S,0.297027645,0.188526294
3478,14,3478_14,Control,Saline,C/S,0.312943633,0.183507307
3478,15,3478_15,Control,Saline,C/S,0.308090213,0.187875026
3479,1,3479_1,Control,Saline,C/S,0.360817477,0.196818685
3479,2,3479_2,Control,Saline,C/S,0.347358997,0.194469313
3479,3,3479_3,Control,Saline,C/S,0.366670089,0.203408974
3479,4,3479_4,Control,Saline,C/S,0.326849733,0.177218408
3479,5,3479_5,Control,Saline,C/S,0.32577239,0.184069874
3479,6,3479_6,Control,Saline,C/S,0.3389315,0.190822534
3479,7,3479_7,Control,Saline,C/S,0.307390451,0.185415304
3479,8,3479_8,Control,Saline,C/S,0.322077922,0.177597403
3479,9,3479_9,Control,Saline,C/S,0.316986611,0.180835619
3479,10,3479_10,Control,Saline,C/S,0.343633656,0.216120625
3479,11,3479_11,Control,Saline,C/S,0.353085952,0.21942446
3479,12,3479_12,Control,Saline,C/S,0.340389972,0.210213556
3479,13,3479_13,Control,Saline,C/S,0.351551264,0.228888432
3479,14,3479_14,Control,Saline,C/S,0.360835619,0.238657945
3479,15,3479_15,Control,Saline,C/S,0.372259696,0.248735245
3480,1,3480_1,Control,Saline,C/S,0.397922752,0.210564752
3480,2,3480_2,Control,Saline,C/S,0.41048321,0.212285012
3480,3,3480_3,Control,Saline,C/S,0.400732367,0.199251712
3480,4,3480_4,Control,Saline,C/S,0.332077446,0.18859236
3480,5,3480_5,Control,Saline,C/S,0.327295183,0.187628654
3480,6,3480_6,Control,Saline,C/S,0.326509512,0.180727874
3480,7,3480_7,Control,Saline,C/S,0.294477745,0.166687922
3480,8,3480_8,Control,Saline,C/S,0.299346241,0.159039477
3480,9,3480_9,Control,Saline,C/S,0.299093656,0.15835851
3480,10,3480_10,Control,Saline,C/S,0.277969665,0.148670972
3480,11,3480_11,Control,Saline,C/S,0.272561254,0.147618323
3480,12,3480_12,Control,Saline,C/S,0.270306456,0.147872657
3480,13,3480_13,Control,Saline,C/S,0.255656109,0.136877828
3480,14,3480_14,Control,Saline,C/S,0.248880597,0.136380597
3480,15,3480_15,Control,Saline,C/S,0.250783699,0.153605016
3484,1,3484_1,Control,Saline,C/S,0.437048307,0.236021301
3484,2,3484_2,Control,Saline,C/S,0.426259824,0.234304207
3484,3,3484_3,Control,Saline,C/S,0.424497732,0.243125637
3484,4,3484_4,Control,Saline,C/S,0.396927651,0.208870168
3484,5,3484_5,Control,Saline,C/S,0.382448148,0.217360029
3484,6,3484_6,Control,Saline,C/S,0.370335491,0.217775162
3484,7,3484_7,Control,Saline,C/S,0.354444444,0.195396825
3484,8,3484_8,Control,Saline,C/S,0.345962733,0.195652174
3484,9,3484_9,Control,Saline,C/S,0.317620006,0.186404139
3484,10,3484_10,Control,Saline,C/S,0.373902133,0.210790464
3484,11,3484_11,Control,Saline,C/S,0.357739753,0.206526064
3484,12,3484_12,Control,Saline,C/S,0.359857482,0.211599367
3484,13,3484_13,Control,Saline,C/S,0.443789749,0.226056865
3484,14,3484_14,Control,Saline,C/S,0.440290758,0.221939016
3484,15,3484_15,Control,Saline,C/S,0.445206749,0.219543853
3497,1,3497_1,Control,Saline,C/S,0.497159859,0.263727346
3497,2,3497_2,Control,Saline,C/S,0.340028558,0.182674917
3497,3,3497_3,Control,Saline,C/S,0.401265095,0.216676251
3497,4,3497_4,Control,Saline,C/S,0.454197839,0.230091438
3497,5,3497_5,Control,Saline,C/S,0.320351137,0.170128586
3497,6,3497_6,Control,Saline,C/S,0.385155773,0.209224191
3497,7,3497_7,Control,Saline,C/S,0.376263127,0.208044383
3497,8,3497_8,Control,Saline,C/S,0.251711223,0.132765078
3497,9,3497_9,Control,Saline,C/S,0.33877403,0.186797243
3497,10,3497_10,Control,Saline,C/S,0.352426961,0.187025535
3497,11,3497_11,Control,Saline,C/S,0.204931973,0.112811791
3497,12,3497_12,Control,Saline,C/S,0.323243243,0.174702703
3497,13,3497_13,Control,Saline,C/S,0.375665602,0.180244941
3497,14,3497_14,Control,Saline,C/S,0.301928619,0.147639104
3497,15,3497_15,Control,Saline,C/S,0.290584841,0.190138998
50810A,1,50810A_1,Control,Saline,C/S,0.438504082,0.29483803
50810A,2,50810A_2,Control,Saline,C/S,0.419143988,0.293947583
50810A,3,50810A_3,Control,Saline,C/S,0.401651199,0.305773171
50810A,4,50810A_4,Control,Saline,C/S,0.354830698,0.227253912
50810A,5,50810A_5,Control,Saline,C/S,0.344816406,0.239685499
50810A,6,50810A_6,Control,Saline,C/S,0.310603829,0.212665685
50810A,7,50810A_7,Control,Saline,C/S,0.318815683,0.199676637
50810A,8,50810A_8,Control,Saline,C/S,0.304625356,0.19660218
50810A,9,50810A_9,Control,Saline,C/S,0.298627451,0.19754902
50810A,10,50810A_10,Control,Saline,C/S,0.281612782,0.19423293
50810A,11,50810A_11,Control,Saline,C/S,0.262914692,0.175
50810A,12,50810A_12,Control,Saline,C/S,0.254059105,0.167270179
50810A,13,50810A_13,Control,Saline,C/S,0.278817139,0.173657212
50810A,14,50810A_14,Control,Saline,C/S,0.254298896,0.160492101
50810A,15,50810A_15,Control,Saline,C/S,0.264318442,0.164805269
50810D,1,50810D_1,Control,Saline,C/S,0.383698761,0.242373689
50810D,2,50810D_2,Control,Saline,C/S,0.36611979,0.249391632
50810D,3,50810D_3,Control,Saline,C/S,0.369385527,0.256316282
50810D,4,50810D_4,Control,Saline,C/S,0.314718787,0.200438771
50810D,5,50810D_5,Control,Saline,C/S,0.311225983,0.205208232
50810D,6,50810D_6,Control,Saline,C/S,0.304270463,0.218663503
50810D,7,50810D_7,Control,Saline,C/S,0.286518964,0.194642634
50810D,8,50810D_8,Control,Saline,C/S,0.285345146,0.181616833
50810D,9,50810D_9,Control,Saline,C/S,0.278532772,0.178592904
50810D,10,50810D_10,Control,Saline,C/S,0.267685521,0.168898692
50810D,11,50810D_11,Control,Saline,C/S,0.263722784,0.164520086
50810D,12,50810D_12,Control,Saline,C/S,0.251379979,0.161271073
50810D,13,50810D_13,Control,Saline,C/S,0.249283154,0.163978495
50810D,14,50810D_14,Control,Saline,C/S,0.260824385,0.160200901
50810D,15,50810D_15,Control,Saline,C/S,0.246312178,0.160205832
50810F,1,50810F_1,Control,Saline,C/S,0.335251046,0.234658298
50810F,2,50810F_2,Control,Saline,C/S,0.34122322,0.234968901
50810F,3,50810F_3,Control,Saline,C/S,0.326874044,0.234404216
50810F,4,50810F_4,Control,Saline,C/S,0.3393186,0.261279926
50810F,5,50810F_5,Control,Saline,C/S,0.342953777,0.253213078
50810F,6,50810F_6,Control,Saline,C/S,0.334570867,0.249181044
50810F,7,50810F_7,Control,Saline,C/S,0.313292885,0.251792609
50810F,8,50810F_8,Control,Saline,C/S,0.309686221,0.25047749
50810F,9,50810F_9,Control,Saline,C/S,0.336996337,0.263736264
50810F,10,50810F_10,Control,Saline,C/S,0.329662522,0.284547069
50810F,11,50810F_11,Control,Saline,C/S,0.303954424,0.269101877
50810F,12,50810F_12,Control,Saline,C/S,0.296296296,0.266865079
50810F,13,50810F_13,Control,Saline,C/S,0.356233115,0.255885758
50810F,14,50810F_14,Control,Saline,C/S,0.368883312,0.291091593
50810F,15,50810F_15,Control,Saline,C/S,0.344410876,0.274924471
3422,1,3422_1,Control,Saline,S/C,0.319786096,0.203972498
3422,2,3422_2,Control,Saline,S/C,0.31521409,0.201488005
3422,3,3422_3,Control,Saline,S/C,0.32137973,0.208478955
3422,4,3422_4,Control,Saline,S/C,0.314818165,0.196309028
3422,5,3422_5,Control,Saline,S/C,0.322586622,0.197517139
3422,6,3422_6,Control,Saline,S/C,0.315463918,0.201124649
3422,7,3422_7,Control,Saline,S/C,0.312071331,0.200731596
3422,8,3422_8,Control,Saline,S/C,0.308009153,0.196567506
3422,9,3422_9,Control,Saline,S/C,0.322462942,0.192474344
3422,10,3422_10,Control,Saline,S/C,0.3096,0.183466667
3422,11,3422_11,Control,Saline,S/C,0.314391928,0.189591078
3422,12,3422_12,Control,Saline,S/C,0.314003207,0.185195083
3422,13,3422_13,Control,Saline,S/C,0.308646003,0.194127243
3422,14,3422_14,Control,Saline,S/C,0.319674797,0.188617886
3422,15,3422_15,Control,Saline,S/C,0.29930163,0.201529764
3423,1,3423_1,Control,Saline,S/C,0.395838232,0.26875147
3423,2,3423_2,Control,Saline,S/C,0.388869484,0.268366515
3423,3,3423_3,Control,Saline,S/C,0.393957207,0.264989419
3423,4,3423_4,Control,Saline,S/C,0.369449634,0.242563587
3423,5,3423_5,Control,Saline,S/C,0.366374269,0.243128655
3423,6,3423_6,Control,Saline,S/C,0.358347627,0.241280732
3423,7,3423_7,Control,Saline,S/C,0.338841474,0.240058108
3423,8,3423_8,Control,Saline,S/C,0.331226962,0.22906793
3423,9,3423_9,Control,Saline,S/C,0.337155142,0.239519885
3423,10,3423_10,Control,Saline,S/C,0.320489574,0.243200363
3423,11,3423_11,Control,Saline,S/C,0.293364626,0.241519095
3423,12,3423_12,Control,Saline,S/C,0.417221387,0.234915181
3423,13,3423_13,Control,Saline,S/C,0.315920398,0.238557214
3423,14,3423_14,Control,Saline,S/C,0.303121853,0.237411883
3423,15,3423_15,Control,Saline,S/C,0.318553381,0.232598464
3424,1,3424_1,Control,Saline,S/C,0.333463187,0.214777302
3424,2,3424_2,Control,Saline,S/C,0.335432016,0.219156062
3424,3,3424_3,Control,Saline,S/C,0.33722318,0.213632144
3424,4,3424_4,Control,Saline,S/C,0.21062679,0.14041786
3424,5,3424_5,Control,Saline,S/C,0.326507208,0.20904325
3424,6,3424_6,Control,Saline,S/C,0.330713818,0.206614276
3424,7,3424_7,Control,Saline,S/C,0.294862108,0.197393275
3424,8,3424_8,Control,Saline,S/C,0.29756965,0.212211025
3424,9,3424_9,Control,Saline,S/C,0.298228346,0.203149606
3424,10,3424_10,Control,Saline,S/C,0.302457002,0.251597052
3424,11,3424_11,Control,Saline,S/C,0.321801068,0.250063597
3424,12,3424_12,Control,Saline,S/C,0.316520844,0.235975296
3424,13,3424_13,Control,Saline,S/C,0.323943662,0.252322445
3424,14,3424_14,Control,Saline,S/C,0.33056325,0.247768544
3424,15,3424_15,Control,Saline,S/C,0.330059524,0.246130952
3481,1,3481_1,Control,Saline,S/C,0.330162703,0.228660826
3481,2,3481_2,Control,Saline,S/C,0.333796589,0.221857233
3481,3,3481_3,Control,Saline,S/C,0.344692519,0.237106672
3481,4,3481_4,Control,Saline,S/C,0.310617821,0.223688296
3481,5,3481_5,Control,Saline,S/C,0.307274701,0.220102373
3481,6,3481_6,Control,Saline,S/C,0.314811875,0.216701064
3481,7,3481_7,Control,Saline,S/C,0.327483196,0.218073189
3481,8,3481_8,Control,Saline,S/C,0.293456589,0.21279681
3481,9,3481_9,Control,Saline,S/C,0.311025145,0.228626692
3481,10,3481_10,Control,Saline,S/C,0.294002608,0.232290309
3481,11,3481_11,Control,Saline,S/C,0.312893082,0.213162624
3481,12,3481_12,Control,Saline,S/C,0.310140973,0.2157799
3481,13,3481_13,Control,Saline,S/C,0.309741882,0.217873994
3481,14,3481_14,Control,Saline,S/C,0.28241335,0.187676508
3481,15,3481_15,Control,Saline,S/C,0.366319444,0.216724537
3488,1,3488_1,Control,Saline,S/C,0.331817094,0.258558774
3488,2,3488_2,Control,Saline,S/C,0.32193087,0.271632896
3488,3,3488_3,Control,Saline,S/C,0.325181598,0.269128329
3488,4,3488_4,Control,Saline,S/C,0.306446731,0.212318402
3488,5,3488_5,Control,Saline,S/C,0.306557128,0.224707135
3488,6,3488_6,Control,Saline,S/C,0.295143027,0.210369487
3488,7,3488_7,Control,Saline,S/C,0.276053812,0.19264574
3488,8,3488_8,Control,Saline,S/C,0.28516624,0.202594081
3488,9,3488_9,Control,Saline,S/C,0.288584637,0.198079659
3488,10,3488_10,Control,Saline,S/C,0.26969697,0.185656566
3488,11,3488_11,Control,Saline,S/C,0.26891253,0.18144208
3488,12,3488_12,Control,Saline,S/C,0.295701085,0.185817597
3488,13,3488_13,Control,Saline,S/C,0.264522822,0.177904564
3488,14,3488_14,Control,Saline,S/C,0.2597874,0.187451387
3488,15,3488_15,Control,Saline,S/C,0.276084711,0.176394628
3489,1,3489_1,Control,Saline,S/C,0.350152517,0.251525165
3489,2,3489_2,Control,Saline,S/C,0.361585604,0.26887469
3489,3,3489_3,Control,Saline,S/C,0.35775258,0.264747102
3489,4,3489_4,Control,Saline,S/C,0.32768,0.22496
3489,5,3489_5,Control,Saline,S/C,0.307420495,0.21631587
3489,6,3489_6,Control,Saline,S/C,0.309688581,0.23403586
3489,7,3489_7,Control,Saline,S/C,0.297897898,0.231231231
3489,8,3489_8,Control,Saline,S/C,0.287175601,0.212729684
3489,9,3489_9,Control,Saline,S/C,0.304721851,0.22099025
3489,10,3489_10,Control,Saline,S/C,0.297550432,0.229827089
3489,11,3489_11,Control,Saline,S/C,0.2945318,0.251818822
3489,12,3489_12,Control,Saline,S/C,0.296827262,0.231962397
3489,13,3489_13,Control,Saline,S/C,0.297936893,0.244538835
3489,14,3489_14,Control,Saline,S/C,0.295859776,0.250831067
3489,15,3489_15,Control,Saline,S/C,0.286502898,0.227159812
3490,1,3490_1,Control,Saline,S/C,0.387528039,0.280035891
3490,2,3490_2,Control,Saline,S/C,0.400981845,0.292145239
3490,3,3490_3,Control,Saline,S/C,0.405328259,0.30076118
3490,4,3490_4,Control,Saline,S/C,0.34579756,0.23463624
3490,5,3490_5,Control,Saline,S/C,0.342428064,0.240972143
3490,6,3490_6,Control,Saline,S/C,0.363548698,0.255665381
3490,7,3490_7,Control,Saline,S/C,0.317410523,0.200912591
3490,8,3490_8,Control,Saline,S/C,0.323465072,0.221962958
3490,9,3490_9,Control,Saline,S/C,0.342061948,0.235223702
3490,10,3490_10,Control,Saline,S/C,0.227291696,0.165808875
3490,11,3490_11,Control,Saline,S/C,0.250574383,0.17073521
3490,12,3490_12,Control,Saline,S/C,0.285593934,0.195956192
3490,13,3490_13,Control,Saline,S/C,0.231018046,0.168709568
3490,14,3490_14,Control,Saline,S/C,0.238121048,0.1833785
3490,15,3490_15,Control,Saline,S/C,0.284615385,0.197089397
3516,1,3516_1,Control,Saline,S/C,0.263169569,0.220694244
3516,2,3516_2,Control,Saline,S/C,0.253764393,0.206377325
3516,3,3516_3,Control,Saline,S/C,0.241087485,0.19866709
3516,4,3516_4,Control,Saline,S/C,0.264470918,0.208829713
3516,5,3516_5,Control,Saline,S/C,0.24848325,0.193220786
3516,6,3516_6,Control,Saline,S/C,0.23724854,0.199610642
3516,7,3516_7,Control,Saline,S/C,0.250930873,0.187793427
3516,8,3516_8,Control,Saline,S/C,0.242877606,0.186057616
3516,9,3516_9,Control,Saline,S/C,0.229708146,0.187309424
3516,10,3516_10,Control,Saline,S/C,0.262241775,0.187069625
3516,11,3516_11,Control,Saline,S/C,0.251103753,0.177336277
3516,12,3516_12,Control,Saline,S/C,0.230394626,0.159026029
3516,13,3516_13,Control,Saline,S/C,0.242491657,0.170856507
3516,14,3516_14,Control,Saline,S/C,0.215968586,0.15095986
3516,15,3516_15,Control,Saline,S/C,0.230075804,0.142593731
J2292,1,J2292_1,Control,Saline,S/C,0.394663552,0.220285689
J2292,2,J2292_2,Control,Saline,S/C,0.408166904,0.21068117
J2292,3,J2292_3,Control,Saline,S/C,0.384366485,0.211682561
J2292,4,J2292_4,Control,Saline,S/C,0.355444872,0.199003849
J2292,5,J2292_5,Control,Saline,S/C,0.349615256,0.194267871
J2292,6,J2292_6,Control,Saline,S/C,0.357586513,0.195319432
J2292,7,J2292_7,Control,Saline,S/C,0.33805873,0.203674237
J2292,8,J2292_8,Control,Saline,S/C,0.346938776,0.196740567
J2292,9,J2292_9,Control,Saline,S/C,0.355418139,0.19655477
J2292,10,J2292_10,Control,Saline,S/C,0.375715922,0.197785414
J2292,11,J2292_11,Control,Saline,S/C,0.350877193,0.195874301
J2292,12,J2292_12,Control,Saline,S/C,0.356204097,0.204870506
J2292,13,J2292_13,Control,Saline,S/C,0.386189258,0.189897698
J2292,14,J2292_14,Control,Saline,S/C,0.342094017,0.197222222
J2292,15,J2292_15,Control,Saline,S/C,0.347053907,0.189093188
3414,1,3414_1,Ts65Dn,Memantine,C/S,0.3649528,0.230776281
3414,2,3414_2,Ts65Dn,Memantine,C/S,0.366148861,0.249213762
3414,3,3414_3,Ts65Dn,Memantine,C/S,0.384048842,0.253609846
3414,4,3414_4,Ts65Dn,Memantine,C/S,0.324364552,0.203457751
3414,5,3414_5,Ts65Dn,Memantine,C/S,0.335976331,0.209940828
3414,6,3414_6,Ts65Dn,Memantine,C/S,0.334826692,0.217401556
3414,7,3414_7,Ts65Dn,Memantine,C/S,0.312435462,0.19825933
3414,8,3414_8,Ts65Dn,Memantine,C/S,0.327056645,0.210680661
3414,9,3414_9,Ts65Dn,Memantine,C/S,0.313106796,0.21101335
3414,10,3414_10,Ts65Dn,Memantine,C/S,0.301043765,0.204907526
3414,11,3414_11,Ts65Dn,Memantine,C/S,0.327937536,0.208150828
3414,12,3414_12,Ts65Dn,Memantine,C/S,0.312754016,0.213083027
3414,13,3414_13,Ts65Dn,Memantine,C/S,0.278319255,0.203378817
3414,14,3414_14,Ts65Dn,Memantine,C/S,0.294018178,0.203762418
3414,15,3414_15,Ts65Dn,Memantine,C/S,0.278910105,0.206393478
3416,1,3416_1,Ts65Dn,Memantine,C/S,0.327980296,0.206403941
3416,2,3416_2,Ts65Dn,Memantine,C/S,0.341102554,0.222030807
3416,3,3416_3,Ts65Dn,Memantine,C/S,0.341929612,0.221581715
3416,4,3416_4,Ts65Dn,Memantine,C/S,0.311465128,0.192925238
3416,5,3416_5,Ts65Dn,Memantine,C/S,0.318658552,0.203418361
3416,6,3416_6,Ts65Dn,Memantine,C/S,0.316854508,0.212858607
3416,7,3416_7,Ts65Dn,Memantine,C/S,0.294930876,0.187403994
3416,8,3416_8,Ts65Dn,Memantine,C/S,0.290523124,0.183472328
3416,9,3416_9,Ts65Dn,Memantine,C/S,0.307472632,0.20276059
3416,10,3416_10,Ts65Dn,Memantine,C/S,0.279319458,0.183019491
3416,11,3416_11,Ts65Dn,Memantine,C/S,0.249166799,0.179177908
3416,12,3416_12,Ts65Dn,Memantine,C/S,0.268377254,0.185679612
3416,13,3416_13,Ts65Dn,Memantine,C/S,0.322344322,0.226648352
3416,14,3416_14,Ts65Dn,Memantine,C/S,0.251431639,0.176449535
3416,15,3416_15,Ts65Dn,Memantine,C/S,0.263418499,0.187363834
3417,1,3417_1,Ts65Dn,Memantine,C/S,0.261531031,0.183409804
3417,2,3417_2,Ts65Dn,Memantine,C/S,0.250591311,0.190962281
3417,3,3417_3,Ts65Dn,Memantine,C/S,0.257682292,0.197786458
3417,4,3417_4,Ts65Dn,Memantine,C/S,0.233023387,0.171315864
3417,5,3417_5,Ts65Dn,Memantine,C/S,0.241055718,0.180205279
3417,6,3417_6,Ts65Dn,Memantine,C/S,0.255966308,0.186710342
3417,7,3417_7,Ts65Dn,Memantine,C/S,0.228784793,0.156143924
3417,8,3417_8,Ts65Dn,Memantine,C/S,0.23737656,0.178311906
3417,9,3417_9,Ts65Dn,Memantine,C/S,0.243436293,0.185714286
3417,10,3417_10,Ts65Dn,Memantine,C/S,0.231256831,0.178579235
3417,11,3417_11,Ts65Dn,Memantine,C/S,0.251415094,0.203301887
3417,12,3417_12,Ts65Dn,Memantine,C/S,0.255,0.191428571
3417,13,3417_13,Ts65Dn,Memantine,C/S,0.29337131,0.183065769
3417,14,3417_14,Ts65Dn,Memantine,C/S,0.253147236,0.198412698
3417,15,3417_15,Ts65Dn,Memantine,C/S,0.290439133,0.192329072
3429,1,3429_1,Ts65Dn,Memantine,C/S,0.280458544,0.201146361
3429,2,3429_2,Ts65Dn,Memantine,C/S,0.274916833,0.194677312
3429,3,3429_3,Ts65Dn,Memantine,C/S,0.29375,0.192819149
3429,4,3429_4,Ts65Dn,Memantine,C/S,0.264489656,0.188750214
3429,5,3429_5,Ts65Dn,Memantine,C/S,0.259551139,0.18416995
3429,6,3429_6,Ts65Dn,Memantine,C/S,0.253353454,0.179577465
3429,7,3429_7,Ts65Dn,Memantine,C/S,0.235359361,0.178349601
3429,8,3429_8,Ts65Dn,Memantine,C/S,0.240833153,0.167498373
3429,9,3429_9,Ts65Dn,Memantine,C/S,0.25594841,0.176562153
3429,10,3429_10,Ts65Dn,Memantine,C/S,0.29687903,0.179520248
3429,11,3429_11,Ts65Dn,Memantine,C/S,0.240914867,0.191867853
3429,12,3429_12,Ts65Dn,Memantine,C/S,0.241050734,0.176152459
3429,13,3429_13,Ts65Dn,Memantine,C/S,0.275541796,0.158176189
3429,14,3429_14,Ts65Dn,Memantine,C/S,0.23562371,0.162194043
3429,15,3429_15,Ts65Dn,Memantine,C/S,0.227769986,0.155680224
3504,1,3504_1,Ts65Dn,Memantine,C/S,0.319868342,0.206762418
3504,2,3504_2,Ts65Dn,Memantine,C/S,0.311150723,0.199049317
3504,3,3504_3,Ts65Dn,Memantine,C/S,0.323281639,0.204288723
3504,4,3504_4,Ts65Dn,Memantine,C/S,0.301410913,0.185291547
3504,5,3504_5,Ts65Dn,Memantine,C/S,0.286098545,0.182051596
3504,6,3504_6,Ts65Dn,Memantine,C/S,0.279078229,0.180715585
3504,7,3504_7,Ts65Dn,Memantine,C/S,0.274184316,0.178878077
3504,8,3504_8,Ts65Dn,Memantine,C/S,0.264681325,0.170052881
3504,9,3504_9,Ts65Dn,Memantine,C/S,0.26981254,0.159017453
3504,10,3504_10,Ts65Dn,Memantine,C/S,0.303199344,0.169483183
3504,11,3504_11,Ts65Dn,Memantine,C/S,0.248358687,0.166853483
3504,12,3504_12,Ts65Dn,Memantine,C/S,0.261925795,0.166961131
3504,13,3504_13,Ts65Dn,Memantine,C/S,0.24968789,0.150436954
3504,14,3504_14,Ts65Dn,Memantine,C/S,0.232790743,0.145714846
3504,15,3504_15,Ts65Dn,Memantine,C/S,0.213702191,0.142963238
3505,1,3505_1,Ts65Dn,Memantine,C/S,0.466672796,0.266433759
3505,2,3505_2,Ts65Dn,Memantine,C/S,0.445840438,0.263214574
3505,3,3505_3,Ts65Dn,Memantine,C/S,0.432995987,0.265747688
3505,4,3505_4,Ts65Dn,Memantine,C/S,0.388574183,0.218874292
3505,5,3505_5,Ts65Dn,Memantine,C/S,0.381541047,0.220355257
3505,6,3505_6,Ts65Dn,Memantine,C/S,0.378001183,0.223891189
3505,7,3505_7,Ts65Dn,Memantine,C/S,0.376350451,0.219328104
3505,8,3505_8,Ts65Dn,Memantine,C/S,0.36123723,0.212826334
3505,9,3505_9,Ts65Dn,Memantine,C/S,0.348197343,0.211168338
3505,10,3505_10,Ts65Dn,Memantine,C/S,0.32745372,0.211840727
3505,11,3505_11,Ts65Dn,Memantine,C/S,0.332911621,0.227543828
3505,12,3505_12,Ts65Dn,Memantine,C/S,0.314333613,0.212070411
3505,13,3505_13,Ts65Dn,Memantine,C/S,0.326748822,0.207140268
3505,14,3505_14,Ts65Dn,Memantine,C/S,0.321734378,0.210967389
3505,15,3505_15,Ts65Dn,Memantine,C/S,0.318716578,0.204099822
3522,1,3522_1,Ts65Dn,Memantine,C/S,0.415446994,0.247626582
3522,2,3522_2,Ts65Dn,Memantine,C/S,0.390778318,0.246927694
3522,3,3522_3,Ts65Dn,Memantine,C/S,0.38410849,0.25690001
3522,4,3522_4,Ts65Dn,Memantine,C/S,0.344278607,0.205348259
3522,5,3522_5,Ts65Dn,Memantine,C/S,0.342264477,0.20644524
3522,6,3522_6,Ts65Dn,Memantine,C/S,0.324337234,0.200382135
3522,7,3522_7,Ts65Dn,Memantine,C/S,0.319142732,0.194634786
3522,8,3522_8,Ts65Dn,Memantine,C/S,0.309006661,0.191862149
3522,9,3522_9,Ts65Dn,Memantine,C/S,0.294898382,0.188856629
3522,10,3522_10,Ts65Dn,Memantine,C/S,0.330665543,0.206402696
3522,11,3522_11,Ts65Dn,Memantine,C/S,0.317111771,0.203956479
3522,12,3522_12,Ts65Dn,Memantine,C/S,0.322330483,0.212368264
3522,13,3522_13,Ts65Dn,Memantine,C/S,0.326418395,0.221694576
3522,14,3522_14,Ts65Dn,Memantine,C/S,0.290119289,0.205941931
3522,15,3522_15,Ts65Dn,Memantine,C/S,0.360893324,0.217391304
361,1,361_1,Ts65Dn,Memantine,C/S,0.41784401,0.235920263
361,2,361_2,Ts65Dn,Memantine,C/S,0.418137494,0.237932716
361,3,361_3,Ts65Dn,Memantine,C/S,0.414949188,0.243992782
361,4,361_4,Ts65Dn,Memantine,C/S,0.377915822,0.218940162
361,5,361_5,Ts65Dn,Memantine,C/S,0.390885417,0.2203125
361,6,361_6,Ts65Dn,Memantine,C/S,0.387638256,0.215224463
361,7,361_7,Ts65Dn,Memantine,C/S,0.344299307,0.210288663
361,8,361_8,Ts65Dn,Memantine,C/S,0.351439258,0.203935599
361,9,361_9,Ts65Dn,Memantine,C/S,0.345825427,0.194971537
361,10,361_10,Ts65Dn,Memantine,C/S,0.335981839,0.207340144
361,11,361_11,Ts65Dn,Memantine,C/S,0.331450094,0.20527307
361,12,361_12,Ts65Dn,Memantine,C/S,0.365002891,0.20389285
361,13,361_13,Ts65Dn,Memantine,C/S,0.324859393,0.219797525
361,14,361_14,Ts65Dn,Memantine,C/S,0.331876725,0.236430543
361,15,361_15,Ts65Dn,Memantine,C/S,0.329745821,0.219830547
363,1,363_1,Ts65Dn,Memantine,C/S,0.34209952,0.234831951
363,2,363_2,Ts65Dn,Memantine,C/S,0.342218401,0.233770421
363,3,363_3,Ts65Dn,Memantine,C/S,0.353698451,0.235108008
363,4,363_4,Ts65Dn,Memantine,C/S,0.311645315,0.211890024
363,5,363_5,Ts65Dn,Memantine,C/S,0.325450783,0.218740763
363,6,363_6,Ts65Dn,Memantine,C/S,0.310937282,0.204358151
363,7,363_7,Ts65Dn,Memantine,C/S,0.338902601,0.223087146
363,8,363_8,Ts65Dn,Memantine,C/S,0.330186933,0.224504905
363,9,363_9,Ts65Dn,Memantine,C/S,0.315903354,0.213306888
363,10,363_10,Ts65Dn,Memantine,C/S,0.321024694,0.212785599
363,11,363_11,Ts65Dn,Memantine,C/S,0.359624413,0.21971831
363,12,363_12,Ts65Dn,Memantine,C/S,0.328581611,0.218104063
363,13,363_13,Ts65Dn,Memantine,C/S,0.350989685,0.219682186
363,14,363_14,Ts65Dn,Memantine,C/S,0.331990794,0.233314154
363,15,363_15,Ts65Dn,Memantine,C/S,0.354010387,0.230236584
293,1,293_1,Ts65Dn,Memantine,S/C,0.333575758,0.26230303
293,2,293_2,Ts65Dn,Memantine,S/C,0.301703712,0.239647975
293,3,293_3,Ts65Dn,Memantine,S/C,0.296144472,0.241413694
293,4,293_4,Ts65Dn,Memantine,S/C,0.313085439,0.23389157
293,5,293_5,Ts65Dn,Memantine,S/C,0.302281918,0.239168111
293,6,293_6,Ts65Dn,Memantine,S/C,0.283994528,0.235294118
293,7,293_7,Ts65Dn,Memantine,S/C,0.302443281,0.242059337
293,8,293_8,Ts65Dn,Memantine,S/C,0.279164627,0.219448523
293,9,293_9,Ts65Dn,Memantine,S/C,0.296649146,0.232260184
293,10,293_10,Ts65Dn,Memantine,S/C,0.278100373,0.239527167
293,11,293_11,Ts65Dn,Memantine,S/C,0.270511779,0.233753046
293,12,293_12,Ts65Dn,Memantine,S/C,0.274509804,0.231092437
293,13,293_13,Ts65Dn,Memantine,S/C,0.310115678,0.25695299
293,14,293_14,Ts65Dn,Memantine,S/C,0.262756319,0.254649499
293,15,293_15,Ts65Dn,Memantine,S/C,0.29407389,0.244483015
3411,1,3411_1,Ts65Dn,Memantine,S/C,0.34414025,0.261287224
3411,2,3411_2,Ts65Dn,Memantine,S/C,0.328603792,0.264695362
3411,3,3411_3,Ts65Dn,Memantine,S/C,0.311877309,0.243479234
3411,4,3411_4,Ts65Dn,Memantine,S/C,0.31560821,0.234054277
3411,5,3411_5,Ts65Dn,Memantine,S/C,0.319454415,0.250681981
3411,6,3411_6,Ts65Dn,Memantine,S/C,0.288943425,0.229010592
3411,7,3411_7,Ts65Dn,Memantine,S/C,0.316298343,0.240676796
3411,8,3411_8,Ts65Dn,Memantine,S/C,0.307069344,0.242449806
3411,9,3411_9,Ts65Dn,Memantine,S/C,0.282927616,0.227954216
3411,10,3411_10,Ts65Dn,Memantine,S/C,0.295844986,0.233719537
3411,11,3411_11,Ts65Dn,Memantine,S/C,0.295211713,0.225761773
3411,12,3411_12,Ts65Dn,Memantine,S/C,0.286300567,0.226304475
3411,13,3411_13,Ts65Dn,Memantine,S/C,0.307088432,0.217039945
3411,14,3411_14,Ts65Dn,Memantine,S/C,0.303402647,0.229206049
3411,15,3411_15,Ts65Dn,Memantine,S/C,0.298298068,0.258279669
3418,1,3418_1,Ts65Dn,Memantine,S/C,0.355306872,0.231509005
3418,2,3418_2,Ts65Dn,Memantine,S/C,0.333894595,0.218218555
3418,3,3418_3,Ts65Dn,Memantine,S/C,0.32032,0.21232
3418,4,3418_4,Ts65Dn,Memantine,S/C,0.347986097,0.203843795
3418,5,3418_5,Ts65Dn,Memantine,S/C,0.37013519,0.237812372
3418,6,3418_6,Ts65Dn,Memantine,S/C,0.312560668,0.205202873
3418,7,3418_7,Ts65Dn,Memantine,S/C,0.328750307,0.202307881
3418,8,3418_8,Ts65Dn,Memantine,S/C,0.347462062,0.226059655
3418,9,3418_9,Ts65Dn,Memantine,S/C,0.287719298,0.198362573
3418,10,3418_10,Ts65Dn,Memantine,S/C,0.31787361,0.179549769
3418,11,3418_11,Ts65Dn,Memantine,S/C,0.319849754,0.207743427
3418,12,3418_12,Ts65Dn,Memantine,S/C,0.295291301,0.193136472
3418,13,3418_13,Ts65Dn,Memantine,S/C,0.294469357,0.184753363
3418,14,3418_14,Ts65Dn,Memantine,S/C,0.307430341,0.192569659
3418,15,3418_15,Ts65Dn,Memantine,S/C,0.303125987,0.195137354
3501,1,3501_1,Ts65Dn,Memantine,S/C,0.362708102,0.267924528
3501,2,3501_2,Ts65Dn,Memantine,S/C,0.363838789,0.282119795
3501,3,3501_3,Ts65Dn,Memantine,S/C,0.370070114,0.287576687
3501,4,3501_4,Ts65Dn,Memantine,S/C,0.349724518,0.250964187
3501,5,3501_5,Ts65Dn,Memantine,S/C,0.353193848,0.256616323
3501,6,3501_6,Ts65Dn,Memantine,S/C,0.378771256,0.262753703
3501,7,3501_7,Ts65Dn,Memantine,S/C,0.335163892,0.236313712
3501,8,3501_8,Ts65Dn,Memantine,S/C,0.345006702,0.254524129
3501,9,3501_9,Ts65Dn,Memantine,S/C,0.348993289,0.245973154
3501,10,3501_10,Ts65Dn,Memantine,S/C,0.321604662,0.22523532
3501,11,3501_11,Ts65Dn,Memantine,S/C,0.328235816,0.231161348
3501,12,3501_12,Ts65Dn,Memantine,S/C,0.383583447,0.239427012
3501,13,3501_13,Ts65Dn,Memantine,S/C,0.349829798,0.234354543
3501,14,3501_14,Ts65Dn,Memantine,S/C,0.378558127,0.248470338
3501,15,3501_15,Ts65Dn,Memantine,S/C,0.364004317,0.257960065
3502,1,3502_1,Ts65Dn,Memantine,S/C,0.376906928,0.252764171
3502,2,3502_2,Ts65Dn,Memantine,S/C,0.405281941,0.266809422
3502,3,3502_3,Ts65Dn,Memantine,S/C,0.397754725,0.268011937
3502,4,3502_4,Ts65Dn,Memantine,S/C,0.360998053,0.251813838
3502,5,3502_5,Ts65Dn,Memantine,S/C,0.377518558,0.255390597
3502,6,3502_6,Ts65Dn,Memantine,S/C,0.394223955,0.271438696
3502,7,3502_7,Ts65Dn,Memantine,S/C,0.350045167,0.254742547
3502,8,3502_8,Ts65Dn,Memantine,S/C,0.35745614,0.254605263
3502,9,3502_9,Ts65Dn,Memantine,S/C,0.361912969,0.249892288
3502,10,3502_10,Ts65Dn,Memantine,S/C,0.373277075,0.264416315
3502,11,3502_11,Ts65Dn,Memantine,S/C,0.384742495,0.254750757
3502,12,3502_12,Ts65Dn,Memantine,S/C,0.38209266,0.245705362
3502,13,3502_13,Ts65Dn,Memantine,S/C,0.351963746,0.295694864
3502,14,3502_14,Ts65Dn,Memantine,S/C,0.335646457,0.302410519
3502,15,3502_15,Ts65Dn,Memantine,S/C,0.401746725,0.294032023
3530,1,3530_1,Ts65Dn,Memantine,S/C,0.324040456,0.216286307
3530,2,3530_2,Ts65Dn,Memantine,S/C,0.307672436,0.212994058
3530,3,3530_3,Ts65Dn,Memantine,S/C,0.321766153,0.211187362
3530,4,3530_4,Ts65Dn,Memantine,S/C,0.323880597,0.22106136
3530,5,3530_5,Ts65Dn,Memantine,S/C,0.301774194,0.211451613
3530,6,3530_6,Ts65Dn,Memantine,S/C,0.301782616,0.206026187
3530,7,3530_7,Ts65Dn,Memantine,S/C,0.307172131,0.226229508
3530,8,3530_8,Ts65Dn,Memantine,S/C,0.292993631,0.217356688
3530,9,3530_9,Ts65Dn,Memantine,S/C,0.287794597,0.207702625
3530,10,3530_10,Ts65Dn,Memantine,S/C,0.293150012,0.227596366
3530,11,3530_11,Ts65Dn,Memantine,S/C,0.300911106,0.236394977
3530,12,3530_12,Ts65Dn,Memantine,S/C,0.34691358,0.225925926
3530,13,3530_13,Ts65Dn,Memantine,S/C,0.307038123,0.273607038
3530,14,3530_14,Ts65Dn,Memantine,S/C,0.356547619,0.247321429
3530,15,3530_15,Ts65Dn,Memantine,S/C,0.362496176,0.250535332
3534,1,3534_1,Ts65Dn,Memantine,S/C,0.340994047,0.248788592
3534,2,3534_2,Ts65Dn,Memantine,S/C,0.331378299,0.251501187
3534,3,3534_3,Ts65Dn,Memantine,S/C,0.341868317,0.251125492
3534,4,3534_4,Ts65Dn,Memantine,S/C,0.292350624,0.230137886
3534,5,3534_5,Ts65Dn,Memantine,S/C,0.31951431,0.244579358
3534,6,3534_6,Ts65Dn,Memantine,S/C,0.318478069,0.260524925
3534,7,3534_7,Ts65Dn,Memantine,S/C,0.278992984,0.239991746
3534,8,3534_8,Ts65Dn,Memantine,S/C,0.300922945,0.243185233
3534,9,3534_9,Ts65Dn,Memantine,S/C,0.285118799,0.236973739
3534,10,3534_10,Ts65Dn,Memantine,S/C,0.28775715,0.232062218
3534,11,3534_11,Ts65Dn,Memantine,S/C,0.290522148,0.230635981
3534,12,3534_12,Ts65Dn,Memantine,S/C,0.292898661,0.233762952
3534,13,3534_13,Ts65Dn,Memantine,S/C,0.322620519,0.25092707
3534,14,3534_14,Ts65Dn,Memantine,S/C,0.304166667,0.268269231
3534,15,3534_15,Ts65Dn,Memantine,S/C,0.317226891,0.2469988
3605,1,3605_1,Ts65Dn,Memantine,S/C,0.323769942,0.225231264
3605,2,3605_2,Ts65Dn,Memantine,S/C,0.33462229,0.241265019
3605,3,3605_3,Ts65Dn,Memantine,S/C,0.335551331,0.245382944
3605,4,3605_4,Ts65Dn,Memantine,S/C,0.317704918,0.214590164
3605,5,3605_5,Ts65Dn,Memantine,S/C,0.328301887,0.222641509
3605,6,3605_6,Ts65Dn,Memantine,S/C,0.332590051,0.238936535
3605,7,3605_7,Ts65Dn,Memantine,S/C,0.309609972,0.217933253
3605,8,3605_8,Ts65Dn,Memantine,S/C,0.313864062,0.222199127
3605,9,3605_9,Ts65Dn,Memantine,S/C,0.320291363,0.236212279
3605,10,3605_10,Ts65Dn,Memantine,S/C,0.318397997,0.223529412
3605,11,3605_11,Ts65Dn,Memantine,S/C,0.332208669,0.232026992
3605,12,3605_12,Ts65Dn,Memantine,S/C,0.338646459,0.242487588
3605,13,3605_13,Ts65Dn,Memantine,S/C,0.327122153,0.226560189
3605,14,3605_14,Ts65Dn,Memantine,S/C,0.324705206,0.232959448
3605,15,3605_15,Ts65Dn,Memantine,S/C,0.37388535,0.255414013
3606,1,3606_1,Ts65Dn,Memantine,S/C,0.322897623,0.202582267
3606,2,3606_2,Ts65Dn,Memantine,S/C,0.303896677,0.201346727
3606,3,3606_3,Ts65Dn,Memantine,S/C,0.318074191,0.199458789
3606,4,3606_4,Ts65Dn,Memantine,S/C,0.291967701,0.184445389
3606,5,3606_5,Ts65Dn,Memantine,S/C,0.277103614,0.178023736
3606,6,3606_6,Ts65Dn,Memantine,S/C,0.276840806,0.187851364
3606,7,3606_7,Ts65Dn,Memantine,S/C,0.281387479,0.182402707
3606,8,3606_8,Ts65Dn,Memantine,S/C,0.268012473,0.177909076
3606,9,3606_9,Ts65Dn,Memantine,S/C,0.274716236,0.168448758
3606,10,3606_10,Ts65Dn,Memantine,S/C,0.272150604,0.188868426
3606,11,3606_11,Ts65Dn,Memantine,S/C,0.28491155,0.191467222
3606,12,3606_12,Ts65Dn,Memantine,S/C,0.273053892,0.161277445
3606,13,3606_13,Ts65Dn,Memantine,S/C,0.268309535,0.162367573
3606,14,3606_14,Ts65Dn,Memantine,S/C,0.286512758,0.165978129
3606,15,3606_15,Ts65Dn,Memantine,S/C,0.264487714,0.157626333
18899,1,18899_1,Ts65Dn,Saline,C/S,0.316018767,0.19269437
18899,2,18899_2,Ts65Dn,Saline,C/S,0.324896694,0.198863636
18899,3,18899_3,Ts65Dn,Saline,C/S,0.356136821,0.192655936
18899,4,18899_4,Ts65Dn,Saline,C/S,0.295107632,0.194520548
18899,5,18899_5,Ts65Dn,Saline,C/S,0.314599751,0.210700954
18899,6,18899_6,Ts65Dn,Saline,C/S,0.326169914,0.198835107
18899,7,18899_7,Ts65Dn,Saline,C/S,0.270482071,0.199477559
18899,8,18899_8,Ts65Dn,Saline,C/S,0.26754386,0.205653021
18899,9,18899_9,Ts65Dn,Saline,C/S,0.308209313,0.201632261
18899,10,18899_10,Ts65Dn,Saline,C/S,0.267427123,0.205956907
18899,11,18899_11,Ts65Dn,Saline,C/S,0.276097561,0.217235772
18899,12,18899_12,Ts65Dn,Saline,C/S,0.29535184,0.21626856
18899,13,18899_13,Ts65Dn,Saline,C/S,0.292274052,0.229227405
18899,14,18899_14,Ts65Dn,Saline,C/S,0.286921381,0.267817781
18899,15,18899_15,Ts65Dn,Saline,C/S,0.290876565,0.231127013
3476,1,3476_1,Ts65Dn,Saline,C/S,0.352553263,0.279675347
3476,2,3476_2,Ts65Dn,Saline,C/S,0.347528647,0.294510005
3476,3,3476_3,Ts65Dn,Saline,C/S,0.370934869,0.306247231
3476,4,3476_4,Ts65Dn,Saline,C/S,0.300496593,0.23790276
3476,5,3476_5,Ts65Dn,Saline,C/S,0.29487029,0.238173495
3476,6,3476_6,Ts65Dn,Saline,C/S,0.304107615,0.259548403
3476,7,3476_7,Ts65Dn,Saline,C/S,0.291847237,0.229279523
3476,8,3476_8,Ts65Dn,Saline,C/S,0.302107728,0.2487946
3476,9,3476_9,Ts65Dn,Saline,C/S,0.292148266,0.232894912
3476,10,3476_10,Ts65Dn,Saline,C/S,0.332319256,0.241947029
3476,11,3476_11,Ts65Dn,Saline,C/S,0.301669959,0.233435087
3476,12,3476_12,Ts65Dn,Saline,C/S,0.288273616,0.204885993
3476,13,3476_13,Ts65Dn,Saline,C/S,0.282316241,0.232014038
3476,14,3476_14,Ts65Dn,Saline,C/S,0.284848485,0.234545455
3476,15,3476_15,Ts65Dn,Saline,C/S,0.289833911,0.199306443
3483,1,3483_1,Ts65Dn,Saline,C/S,0.355557569,0.245221487
3483,2,3483_2,Ts65Dn,Saline,C/S,0.337886987,0.239332919
3483,3,3483_3,Ts65Dn,Saline,C/S,0.346877748,0.240545295
3483,4,3483_4,Ts65Dn,Saline,C/S,0.294829732,0.202851001
3483,5,3483_5,Ts65Dn,Saline,C/S,0.288591372,0.214326582
3483,6,3483_6,Ts65Dn,Saline,C/S,0.294651163,0.209418605
3483,7,3483_7,Ts65Dn,Saline,C/S,0.285349462,0.195833333
3483,8,3483_8,Ts65Dn,Saline,C/S,0.271282934,0.189196346
3483,9,3483_9,Ts65Dn,Saline,C/S,0.279176201,0.19504644
3483,10,3483_10,Ts65Dn,Saline,C/S,0.25462963,0.185541311
3483,11,3483_11,Ts65Dn,Saline,C/S,0.259678275,0.17836309
3483,12,3483_12,Ts65Dn,Saline,C/S,0.247709594,0.179429559
3483,13,3483_13,Ts65Dn,Saline,C/S,0.24376123,0.176681972
3483,14,3483_14,Ts65Dn,Saline,C/S,0.24195122,0.167609756
3483,15,3483_15,Ts65Dn,Saline,C/S,0.239984366,0.188587063
3498,1,3498_1,Ts65Dn,Saline,C/S,0.320743754,0.201723804
3498,2,3498_2,Ts65Dn,Saline,C/S,0.33959825,0.205946698
3498,3,3498_3,Ts65Dn,Saline,C/S,0.339729922,0.212305818
3498,4,3498_4,Ts65Dn,Saline,C/S,0.289645185,0.195631185
3498,5,3498_5,Ts65Dn,Saline,C/S,0.324456163,0.213052076
3498,6,3498_6,Ts65Dn,Saline,C/S,0.322087093,0.215117039
3498,7,3498_7,Ts65Dn,Saline,C/S,0.268760064,0.2
3498,8,3498_8,Ts65Dn,Saline,C/S,0.287444021,0.202355283
3498,9,3498_9,Ts65Dn,Saline,C/S,0.290756303,0.208907563
3498,10,3498_10,Ts65Dn,Saline,C/S,0.24515634,0.234413965
3498,11,3498_11,Ts65Dn,Saline,C/S,0.266422615,0.207240187
3498,12,3498_12,Ts65Dn,Saline,C/S,0.28220339,0.207415254
3498,13,3498_13,Ts65Dn,Saline,C/S,0.254906334,0.22279215
3498,14,3498_14,Ts65Dn,Saline,C/S,0.262723845,0.211121583
3498,15,3498_15,Ts65Dn,Saline,C/S,0.265834077,0.194469224
50810B,1,50810B_1,Ts65Dn,Saline,C/S,0.342748777,0.210200619
50810B,2,50810B_2,Ts65Dn,Saline,C/S,0.343921686,0.200479473
50810B,3,50810B_3,Ts65Dn,Saline,C/S,0.337325741,0.199980365
50810B,4,50810B_4,Ts65Dn,Saline,C/S,0.304595469,0.192880259
50810B,5,50810B_5,Ts65Dn,Saline,C/S,0.295302013,0.189692288
50810B,6,50810B_6,Ts65Dn,Saline,C/S,0.292914172,0.173153693
50810B,7,50810B_7,Ts65Dn,Saline,C/S,0.278250901,0.171798231
50810B,8,50810B_8,Ts65Dn,Saline,C/S,0.271983312,0.166720154
50810B,9,50810B_9,Ts65Dn,Saline,C/S,0.290728044,0.166829905
50810B,10,50810B_10,Ts65Dn,Saline,C/S,0.255748738,0.149560666
50810B,11,50810B_11,Ts65Dn,Saline,C/S,0.247881738,0.163511808
50810B,12,50810B_12,Ts65Dn,Saline,C/S,0.258141674,0.165041398
50810B,13,50810B_13,Ts65Dn,Saline,C/S,0.245064998,0.158401541
50810B,14,50810B_14,Ts65Dn,Saline,C/S,0.245794393,0.173130841
50810B,15,50810B_15,Ts65Dn,Saline,C/S,0.242114817,0.14545042
50810C,1,50810C_1,Ts65Dn,Saline,C/S,0.442335971,0.262796723
50810C,2,50810C_2,Ts65Dn,Saline,C/S,0.441596459,0.263601314
50810C,3,50810C_3,Ts65Dn,Saline,C/S,0.464848359,0.249774447
50810C,4,50810C_4,Ts65Dn,Saline,C/S,0.373247442,0.228021978
50810C,5,50810C_5,Ts65Dn,Saline,C/S,0.381948424,0.221680993
50810C,6,50810C_6,Ts65Dn,Saline,C/S,0.374207385,0.217456173
50810C,7,50810C_7,Ts65Dn,Saline,C/S,0.33790436,0.206868261
50810C,8,50810C_8,Ts65Dn,Saline,C/S,0.341565259,0.205559532
50810C,9,50810C_9,Ts65Dn,Saline,C/S,0.342226965,0.198861615
50810C,10,50810C_10,Ts65Dn,Saline,C/S,0.312548593,0.200124397
50810C,11,50810C_11,Ts65Dn,Saline,C/S,0.301582228,0.203771776
50810C,12,50810C_12,Ts65Dn,Saline,C/S,0.30803097,0.19250038
50810C,13,50810C_13,Ts65Dn,Saline,C/S,0.294337698,0.205407244
50810C,14,50810C_14,Ts65Dn,Saline,C/S,0.285146118,0.190731454
50810C,15,50810C_15,Ts65Dn,Saline,C/S,0.309030958,0.216523173
50810E,1,50810E_1,Ts65Dn,Saline,C/S,0.376709895,0.24054006
50810E,2,50810E_2,Ts65Dn,Saline,C/S,0.383856343,0.233531869
50810E,3,50810E_3,Ts65Dn,Saline,C/S,0.386225646,0.239963752
50810E,4,50810E_4,Ts65Dn,Saline,C/S,0.333832522,0.207912143
50810E,5,50810E_5,Ts65Dn,Saline,C/S,0.331712184,0.208380097
50810E,6,50810E_6,Ts65Dn,Saline,C/S,0.330872231,0.20760856
50810E,7,50810E_7,Ts65Dn,Saline,C/S,0.299756172,0.192776593
50810E,8,50810E_8,Ts65Dn,Saline,C/S,0.306177977,0.202784891
50810E,9,50810E_9,Ts65Dn,Saline,C/S,0.305586153,0.200786782
50810E,10,50810E_10,Ts65Dn,Saline,C/S,0.29617737,0.204740061
50810E,11,50810E_11,Ts65Dn,Saline,C/S,0.2906381,0.206800186
50810E,12,50810E_12,Ts65Dn,Saline,C/S,0.296423017,0.206376361
50810E,13,50810E_13,Ts65Dn,Saline,C/S,0.278855032,0.216989843
50810E,14,50810E_14,Ts65Dn,Saline,C/S,0.276118018,0.209129709
50810E,15,50810E_15,Ts65Dn,Saline,C/S,0.290978158,0.209116809
3421,1,3421_1,Ts65Dn,Saline,S/C,0.323672384,0.223424745
3421,2,3421_2,Ts65Dn,Saline,S/C,0.317242657,0.243861762
3421,3,3421_3,Ts65Dn,Saline,S/C,0.345640526,0.261568436
3421,4,3421_4,Ts65Dn,Saline,S/C,0.300678952,0.204440134
3421,5,3421_5,Ts65Dn,Saline,S/C,0.301781113,0.210148986
3421,6,3421_6,Ts65Dn,Saline,S/C,0.310188416,0.211095604
3421,7,3421_7,Ts65Dn,Saline,S/C,0.250059538,0.163967611
3421,8,3421_8,Ts65Dn,Saline,S/C,0.258629846,0.184678704
3421,9,3421_9,Ts65Dn,Saline,S/C,0.277329939,0.19601188
3421,10,3421_10,Ts65Dn,Saline,S/C,0.234618182,0.156654545
3421,11,3421_11,Ts65Dn,Saline,S/C,0.248693835,0.165397821
3421,12,3421_12,Ts65Dn,Saline,S/C,0.276657553,0.184039645
3421,13,3421_13,Ts65Dn,Saline,S/C,0.241693291,0.162779553
3421,14,3421_14,Ts65Dn,Saline,S/C,0.239036145,0.155823293
3421,15,3421_15,Ts65Dn,Saline,S/C,0.289689346,0.181055841
3425,1,3425_1,Ts65Dn,Saline,S/C,0.318812076,0.246435244
3425,2,3425_2,Ts65Dn,Saline,S/C,0.314783427,0.229661017
3425,3,3425_3,Ts65Dn,Saline,S/C,0.298396702,0.226843793
3425,4,3425_4,Ts65Dn,Saline,S/C,0.284404748,0.216241627
3425,5,3425_5,Ts65Dn,Saline,S/C,0.269501172,0.204553063
3425,6,3425_6,Ts65Dn,Saline,S/C,0.261558931,0.198691651
3425,7,3425_7,Ts65Dn,Saline,S/C,0.260963336,0.193961179
3425,8,3425_8,Ts65Dn,Saline,S/C,0.234376997,0.170223642
3425,9,3425_9,Ts65Dn,Saline,S/C,0.235013536,0.169008637
3425,10,3425_10,Ts65Dn,Saline,S/C,0.246042216,0.166062005
3425,11,3425_11,Ts65Dn,Saline,S/C,0.207662835,0.156321839
3425,12,3425_12,Ts65Dn,Saline,S/C,0.216283022,0.154333385
3425,13,3425_13,Ts65Dn,Saline,S/C,0.203435805,0.157142857
3425,14,3425_14,Ts65Dn,Saline,S/C,0.206748795,0.154258168
3425,15,3425_15,Ts65Dn,Saline,S/C,0.194159569,0.148096645
3426,1,3426_1,Ts65Dn,Saline,S/C,0.409320273,0.255664391
3426,2,3426_2,Ts65Dn,Saline,S/C,0.38732662,0.251377541
3426,3,3426_3,Ts65Dn,Saline,S/C,0.376439841,0.259413416
3426,4,3426_4,Ts65Dn,Saline,S/C,0.382957393,0.243734336
3426,5,3426_5,Ts65Dn,Saline,S/C,0.347259711,0.234714235
3426,6,3426_6,Ts65Dn,Saline,S/C,0.347187086,0.255270449
3426,7,3426_7,Ts65Dn,Saline,S/C,0.344047433,0.233577781
3426,8,3426_8,Ts65Dn,Saline,S/C,0.316564242,0.221809347
3426,9,3426_9,Ts65Dn,Saline,S/C,0.321840803,0.231899265
3426,10,3426_10,Ts65Dn,Saline,S/C,0.318545455,0.223454545
3426,11,3426_11,Ts65Dn,Saline,S/C,0.297992251,0.217506164
3426,12,3426_12,Ts65Dn,Saline,S/C,0.301539012,0.226735863
3426,13,3426_13,Ts65Dn,Saline,S/C,NA,NA
3426,14,3426_14,Ts65Dn,Saline,S/C,NA,NA
3426,15,3426_15,Ts65Dn,Saline,S/C,NA,NA
3491,1,3491_1,Ts65Dn,Saline,S/C,0.383866599,0.283561876
3491,2,3491_2,Ts65Dn,Saline,S/C,0.401131396,0.297420074
3491,3,3491_3,Ts65Dn,Saline,S/C,0.380524152,0.304556355
3491,4,3491_4,Ts65Dn,Saline,S/C,0.353676626,0.284700148
3491,5,3491_5,Ts65Dn,Saline,S/C,0.352658016,0.272917539
3491,6,3491_6,Ts65Dn,Saline,S/C,0.332892999,0.267147648
3491,7,3491_7,Ts65Dn,Saline,S/C,0.3433687,0.236870027
3491,8,3491_8,Ts65Dn,Saline,S/C,0.313407676,0.235736515
3491,9,3491_9,Ts65Dn,Saline,S/C,0.289785933,0.226911315
3491,10,3491_10,Ts65Dn,Saline,S/C,0.363295241,0.237932799
3491,11,3491_11,Ts65Dn,Saline,S/C,0.385961959,0.233630702
3491,12,3491_12,Ts65Dn,Saline,S/C,0.361929853,0.232175202
3491,13,3491_13,Ts65Dn,Saline,S/C,0.358586933,0.267290913
3491,14,3491_14,Ts65Dn,Saline,S/C,0.362458194,0.261078595
3491,15,3491_15,Ts65Dn,Saline,S/C,0.356124807,0.228043143
3513,1,3513_1,Ts65Dn,Saline,S/C,0.374946966,0.256470089
3513,2,3513_2,Ts65Dn,Saline,S/C,0.387617179,0.269239154
3513,3,3513_3,Ts65Dn,Saline,S/C,0.380380705,0.264330521
3513,4,3513_4,Ts65Dn,Saline,S/C,0.399491435,0.245182013
3513,5,3513_5,Ts65Dn,Saline,S/C,0.357768495,0.244710955
3513,6,3513_6,Ts65Dn,Saline,S/C,0.312658995,0.223622047
3513,7,3513_7,Ts65Dn,Saline,S/C,0.366357069,0.23374613
3513,8,3513_8,Ts65Dn,Saline,S/C,0.336960218,0.22849371
3513,9,3513_9,Ts65Dn,Saline,S/C,0.317010722,0.218915026
3513,10,3513_10,Ts65Dn,Saline,S/C,0.332731649,0.225631769
3513,11,3513_11,Ts65Dn,Saline,S/C,0.292499542,0.202824134
3513,12,3513_12,Ts65Dn,Saline,S/C,0.303364379,0.21231705
3513,13,3513_13,Ts65Dn,Saline,S/C,0.325908558,0.21852286
3513,14,3513_14,Ts65Dn,Saline,S/C,0.317004899,0.218801026
3513,15,3513_15,Ts65Dn,Saline,S/C,0.291444421,0.20631534
3517,1,3517_1,Ts65Dn,Saline,S/C,0.403592979,0.251645639
3517,2,3517_2,Ts65Dn,Saline,S/C,0.390864943,0.237432734
3517,3,3517_3,Ts65Dn,Saline,S/C,0.370728562,0.237395229
3517,4,3517_4,Ts65Dn,Saline,S/C,0.375518672,0.227736993
3517,5,3517_5,Ts65Dn,Saline,S/C,0.344653715,0.226457067
3517,6,3517_6,Ts65Dn,Saline,S/C,0.385701275,0.216757741
3517,7,3517_7,Ts65Dn,Saline,S/C,0.376144879,0.229808493
3517,8,3517_8,Ts65Dn,Saline,S/C,0.326144533,0.210556186
3517,9,3517_9,Ts65Dn,Saline,S/C,0.363264547,0.20319762
3517,10,3517_10,Ts65Dn,Saline,S/C,0.379560155,0.227684347
3517,11,3517_11,Ts65Dn,Saline,S/C,0.346371348,0.204288407
3517,12,3517_12,Ts65Dn,Saline,S/C,0.314810811,0.186594595
3517,13,3517_13,Ts65Dn,Saline,S/C,0.395093063,0.197969543
3517,14,3517_14,Ts65Dn,Saline,S/C,0.361792956,0.186766275
3517,15,3517_15,Ts65Dn,Saline,S/C,0.336905059,0.163219537
3525,1,3525_1,Ts65Dn,Saline,S/C,0.417970722,0.283493185
3525,2,3525_2,Ts65Dn,Saline,S/C,0.435056877,0.297931748
3525,3,3525_3,Ts65Dn,Saline,S/C,0.44335837,0.299207737
3525,4,3525_4,Ts65Dn,Saline,S/C,0.403841388,0.242750929
3525,5,3525_5,Ts65Dn,Saline,S/C,0.425733806,0.264423077
3525,6,3525_6,Ts65Dn,Saline,S/C,0.439751395,0.273972603
3525,7,3525_7,Ts65Dn,Saline,S/C,0.383499103,0.244741562
3525,8,3525_8,Ts65Dn,Saline,S/C,0.405295316,0.253903598
3525,9,3525_9,Ts65Dn,Saline,S/C,0.4041518,0.244242621
3525,10,3525_10,Ts65Dn,Saline,S/C,0.420482931,0.25020816
3525,11,3525_11,Ts65Dn,Saline,S/C,0.399101307,0.232638889
3525,12,3525_12,Ts65Dn,Saline,S/C,0.431650369,0.239074037
3525,13,3525_13,Ts65Dn,Saline,S/C,0.361243419,0.254951116
3525,14,3525_14,Ts65Dn,Saline,S/C,0.390353058,0.24067628
3525,15,3525_15,Ts65Dn,Saline,S/C,0.386275461,0.242725509
J1291,1,J1291_1,Ts65Dn,Saline,S/C,0.320348007,0.245033113
J1291,2,J1291_2,Ts65Dn,Saline,S/C,0.319745897,0.250661726
J1291,3,J1291_3,Ts65Dn,Saline,S/C,0.32629913,0.252967555
J1291,4,J1291_4,Ts65Dn,Saline,S/C,0.303124033,0.229044231
J1291,5,J1291_5,Ts65Dn,Saline,S/C,0.300984103,0.232248297
J1291,6,J1291_6,Ts65Dn,Saline,S/C,0.329316632,0.245758681
J1291,7,J1291_7,Ts65Dn,Saline,S/C,0.296071361,0.227747201
J1291,8,J1291_8,Ts65Dn,Saline,S/C,0.279349904,0.238240918
J1291,9,J1291_9,Ts65Dn,Saline,S/C,0.283381364,0.236887608
J1291,10,J1291_10,Ts65Dn,Saline,S/C,0.276428571,0.27452381
J1291,11,J1291_11,Ts65Dn,Saline,S/C,0.275943956,0.243172643
J1291,12,J1291_12,Ts65Dn,Saline,S/C,0.274344794,0.250540995
J1291,13,J1291_13,Ts65Dn,Saline,S/C,0.25343189,0.274551214
J1291,14,J1291_14,Ts65Dn,Saline,S/C,0.255145119,0.24353562
J1291,15,J1291_15,Ts65Dn,Saline,S/C,0.282578875,0.247462277
J3295,1,J3295_1,Ts65Dn,Saline,S/C,0.344687842,0.259693319
J3295,2,J3295_2,Ts65Dn,Saline,S/C,0.354466542,0.251620701
J3295,3,J3295_3,Ts65Dn,Saline,S/C,0.362811029,0.261488456
J3295,4,J3295_4,Ts65Dn,Saline,S/C,0.313620306,0.23119194
J3295,5,J3295_5,Ts65Dn,Saline,S/C,0.334691196,0.22890933
J3295,6,J3295_6,Ts65Dn,Saline,S/C,0.314914941,0.241856785
J3295,7,J3295_7,Ts65Dn,Saline,S/C,0.290575916,0.206036341
J3295,8,J3295_8,Ts65Dn,Saline,S/C,0.316403785,0.215457413
J3295,9,J3295_9,Ts65Dn,Saline,S/C,0.299644568,0.221758615
J3295,10,J3295_10,Ts65Dn,Saline,S/C,0.254438808,0.187381103
J3295,11,J3295_11,Ts65Dn,Saline,S/C,0.254860375,0.207317073
J3295,12,J3295_12,Ts65Dn,Saline,S/C,0.251637555,0.216339156
J3295,13,J3295_13,Ts65Dn,Saline,S/C,0.234118087,0.185164425
J3295,14,J3295_14,Ts65Dn,Saline,S/C,0.243974133,0.192043896
J3295,15,J3295_15,Ts65Dn,Saline,S/C,0.256564308,0.223631509
