sample_id,record_number,source_record,genotype,treatment,learning,BDNF,pCREB,NR1
309,1,309_1,Control,Memantine,C/S,0.4301753,0.232223754,2.81632854
309,2,309_2,Control,Memantine,C/S,0.411770344,0.226972108,2.789514042
309,3,309_3,Control,Memantine,C/S,0.418308781,0.230246795,2.687201071
309,4,309_4,Control,Memantine,C/S,0.358626307,0.207004208,2.466947197
309,5,309_5,Control,Memantine,C/S,0.358802202,0.192157916,2.36578488
309,6,309_6,Control,Memantine,C/S,0.36738809,0.195187525,2.38593897
309,7,309_7,Control,Memantine,C/S,0.342708988,0.195788812,2.334223759
309,8,309_8,Control,Memantine,C/S,0.327702703,0.18980344,2.260135135
309,9,309_9,Control,Memantine,C/S,0.317720418,0.180684455,2.125725058
309,10,309_10,Control,Memantine,C/S,0.362462159,0.188092836,2.096266398
309,11,309_11,Control,Memantine,C/S,0.327792418,0.185282789,2.072572471
309,12,309_12,Control,Memantine,C/S,0.355123675,0.190223793,2.006870828
309,13,309_13,Control,Memantine,C/S,0.312539251,0.171027842,1.946200544
309,14,309_14,Control,Memantine,C/S,0.31095107,0.179834781,1.958907011
309,15,309_15,Control,Memantine,C/S,0.344629287,0.176422263,1.861162456
311,1,311_1,Control,Memantine,C/S,0.377741793,0.19446489,2.735757397
311,2,311_2,Control,Memantine,C/S,0.351590595,0.174688797,2.546887967
311,3,311_3,Control,Memantine,C/S,0.350110314,0.171400993,2.467733039
311,4,311_4,Control,Memantine,C/S,0.356396867,0.190973517,2.563222678
311,5,311_5,Control,Memantine,C/S,0.312479741,0.16191248,2.164181524
311,6,311_6,Control,Memantine,C/S,0.319700661,0.174556213,2.285938044
311,7,311_7,Control,Memantine,C/S,0.387750349,0.182114578,2.437587331
311,8,311_8,Control,Memantine,C/S,0.349773756,0.176696833,2.308371041
311,9,311_9,Control,Memantine,C/S,0.308488176,0.168074324,2.157728041
311,10,311_10,Control,Memantine,C/S,0.320852692,0.178190763,2.19786827
311,11,311_11,Control,Memantine,C/S,0.384445147,0.202023396,2.482137212
311,12,311_12,Control,Memantine,C/S,0.304278501,0.178049429,2.053414829
311,13,311_13,Control,Memantine,C/S,0.29130967,0.1624847,1.913402693
311,14,311_14,Control,Memantine,C/S,0.316055626,0.162136536,1.957016435
311,15,311_15,Control,Memantine,C/S,0.287250384,0.169892473,1.892165899
320,1,320_1,Control,Memantine,C/S,0.446958318,0.232256853,2.930717236
320,2,320_2,Control,Memantine,C/S,0.464963919,0.259020129,2.992688948
320,3,320_3,Control,Memantine,C/S,0.470055645,0.258794681,3.073847024
320,4,320_4,Control,Memantine,C/S,0.393464692,0.209154326,2.606780076
320,5,320_5,Control,Memantine,C/S,0.411203215,0.218538056,2.757975383
320,6,320_6,Control,Memantine,C/S,0.421203796,0.221028971,2.831168831
320,7,320_7,Control,Memantine,C/S,0.363541043,0.190832834,2.456261234
320,8,320_8,Control,Memantine,C/S,0.385529158,0.200401111,2.573125579
320,9,320_9,Control,Memantine,C/S,0.39158777,0.195405867,2.667701381
320,10,320_10,Control,Memantine,C/S,0.370568052,0.208921083,2.503049943
320,11,320_11,Control,Memantine,C/S,0.38436851,0.20841986,2.545403058
320,12,320_12,Control,Memantine,C/S,0.383670384,0.208278208,2.624645625
320,13,320_13,Control,Memantine,C/S,0.36030082,0.220601641,2.392889699
320,14,320_14,Control,Memantine,C/S,0.371539693,0.244566461,2.472660718
320,15,320_15,Control,Memantine,C/S,0.360785199,0.199232852,2.538808664
321,1,321_1,Control,Memantine,C/S,0.40296215,0.198354361,2.933516182
321,2,321_2,Control,Memantine,C/S,0.401297297,0.205081081,2.919243243
321,3,321_3,Control,Memantine,C/S,0.417958656,0.210594315,2.92581826
321,4,321_4,Control,Memantine,C/S,0.376029022,0.190037673,2.915585322
321,5,321_5,Control,Memantine,C/S,0.381124722,0.198496659,2.913557906
321,6,321_6,Control,Memantine,C/S,0.385842881,0.197081288,2.904391708
321,7,321_7,Control,Memantine,C/S,0.342756775,0.183506189,2.635162262
321,8,321_8,Control,Memantine,C/S,0.357512061,0.19314266,2.731909028
321,9,321_9,Control,Memantine,C/S,0.361935266,0.1908294,2.732636548
321,10,321_10,Control,Memantine,C/S,0.324573226,0.206199461,2.467654987
321,11,321_11,Control,Memantine,C/S,0.338937458,0.204662632,2.488231338
321,12,321_12,Control,Memantine,C/S,0.334286343,0.196613152,2.485155047
321,13,321_13,Control,Memantine,C/S,0.308093995,0.204960836,2.37154047
321,14,321_14,Control,Memantine,C/S,0.326368686,0.206559111,2.441946575
321,15,321_15,Control,Memantine,C/S,0.331942634,0.200521512,2.429726206
322,1,322_1,Control,Memantine,C/S,0.315109108,0.17955408,2.220944023
322,2,322_2,Control,Memantine,C/S,0.333042067,0.189239795,2.376731994
322,3,322_3,Control,Memantine,C/S,0.342568326,0.181579933,2.356046425
322,4,322_4,Control,Memantine,C/S,0.322269638,0.183657342,2.177809388
322,5,322_5,Control,Memantine,C/S,0.316708622,0.175739459,2.17778477
322,6,322_6,Control,Memantine,C/S,0.32354342,0.180346087,2.252579775
322,7,322_7,Control,Memantine,C/S,0.303490436,0.18339578,2.069808716
322,8,322_8,Control,Memantine,C/S,0.30297689,0.180963572,2.062867215
322,9,322_9,Control,Memantine,C/S,0.295910494,0.175154321,2.050540123
322,10,322_10,Control,Memantine,C/S,0.296166433,0.184431978,1.983169705
322,11,322_11,Control,Memantine,C/S,0.301080211,0.176281315,1.954952884
322,12,322_12,Control,Memantine,C/S,0.310731821,0.17512275,1.995557634
322,13,322_13,Control,Memantine,C/S,0.322732301,0.192477876,1.966537611
322,14,322_14,Control,Memantine,C/S,0.318987342,0.192123769,2.018565401
322,15,322_15,Control,Memantine,C/S,0.321250692,0.184560044,2.011068069
3415,1,3415_1,Control,Memantine,C/S,0.405861767,0.23928259,2.921434821
3415,2,3415_2,Control,Memantine,C/S,0.388583691,0.221030043,2.862575107
3415,3,3415_3,Control,Memantine,C/S,0.400561453,0.222300202,2.968155101
3415,4,3415_4,Control,Memantine,C/S,0.348346314,0.194152839,2.62490123
3415,5,3415_5,Control,Memantine,C/S,0.350050716,0.194297306,2.634509185
3415,6,3415_6,Control,Memantine,C/S,0.343910042,0.193052772,2.598085059
3415,7,3415_7,Control,Memantine,C/S,0.311961722,0.190020506,2.439781271
3415,8,3415_8,Control,Memantine,C/S,0.299947971,0.163891779,2.31776795
3415,9,3415_9,Control,Memantine,C/S,0.30590604,0.173959732,2.415704698
3415,10,3415_10,Control,Memantine,C/S,0.266223232,0.147955873,2.029688514
3415,11,3415_11,Control,Memantine,C/S,0.262430939,0.165420864,2.000487488
3415,12,3415_12,Control,Memantine,C/S,0.258428805,0.167430442,2.028150573
3415,13,3415_13,Control,Memantine,C/S,0.261285075,0.135217568,1.892842619
3415,14,3415_14,Control,Memantine,C/S,0.261164274,0.137958533,1.900917065
3415,15,3415_15,Control,Memantine,C/S,0.257909491,0.142571085,1.860032038
3499,1,3499_1,Control,Memantine,C/S,0.349929128,0.233965273,2.728649894
3499,2,3499_2,Control,Memantine,C/S,0.355206074,0.237075199,2.716106291
3499,3,3499_3,Control,Memantine,C/S,0.362377484,0.236309684,2.714953691
3499,4,3499_4,Control,Memantine,C/S,0.302132435,0.201795735,2.385072952
3499,5,3499_5,Control,Memantine,C/S,0.308327676,0.197103417,2.426567097
3499,6,3499_6,Control,Memantine,C/S,0.306515581,0.194107649,2.428668555
3499,7,3499_7,Control,Memantine,C/S,0.266096866,0.164957265,2.009259259
3499,8,3499_8,Control,Memantine,C/S,0.264008005,0.159090909,2.003859348
3499,9,3499_9,Control,Memantine,C/S,0.268153915,0.167689774,2.095074113
3499,10,3499_10,Control,Memantine,C/S,0.255778894,0.155108878,1.961306533
3499,11,3499_11,Control,Memantine,C/S,0.251350439,0.150236327,1.944463201
3499,12,3499_12,Control,Memantine,C/S,0.296085532,0.151577858,2.018279014
3499,13,3499_13,Control,Memantine,C/S,0.284346847,0.138513514,1.758258258
3499,14,3499_14,Control,Memantine,C/S,0.236207219,0.140826632,1.711052927
3499,15,3499_15,Control,Memantine,C/S,0.21584343,0.135135135,1.742963653
3507,1,3507_1,Control,Memantine,C/S,0.337220879,0.227705874,2.559379889
3507,2,3507_2,Control,Memantine,C/S,0.332252608,0.22511982,2.634479842
3507,3,3507_3,Control,Memantine,C/S,0.341173096,0.222572781,2.710598021
3507,4,3507_4,Control,Memantine,C/S,0.307379714,0.2039987,2.270156047
3507,5,3507_5,Control,Memantine,C/S,0.323729094,0.203179334,2.405199536
3507,6,3507_6,Control,Memantine,C/S,0.326544467,0.211133741,2.490325866
3507,7,3507_7,Control,Memantine,C/S,0.304048742,0.210888365,2.304441824
3507,8,3507_8,Control,Memantine,C/S,0.313173157,0.202361226,2.435376968
3507,9,3507_9,Control,Memantine,C/S,0.305140962,0.213723051,2.425995025
3507,10,3507_10,Control,Memantine,C/S,0.284329946,0.199480028,1.981564642
3507,11,3507_11,Control,Memantine,C/S,0.311242023,0.206921944,2.083946981
3507,12,3507_12,Control,Memantine,C/S,0.31012333,0.206577595,2.229188078
3507,13,3507_13,Control,Memantine,C/S,0.336109459,0.226948245,2.131171921
3507,14,3507_14,Control,Memantine,C/S,0.295235394,0.237663074,2.034032898
3507,15,3507_15,Control,Memantine,C/S,0.331598728,0.240242845,2.079791847
3520,1,3520_1,Control,Memantine,C/S,0.393314501,0.246986817,2.802636535
3520,2,3520_2,Control,Memantine,C/S,0.394525268,0.243587289,2.953579632
3520,3,3520_3,Control,Memantine,C/S,0.390470767,0.23443432,2.972949886
3520,4,3520_4,Control,Memantine,C/S,0.369172342,0.223022525,2.754583552
3520,5,3520_5,Control,Memantine,C/S,0.35777692,0.204940178,2.651228612
3520,6,3520_6,Control,Memantine,C/S,0.350833768,0.208051068,2.705575821
3520,7,3520_7,Control,Memantine,C/S,0.328569134,0.208286494,2.493174884
3520,8,3520_8,Control,Memantine,C/S,0.331195244,0.195869837,2.433667084
3520,9,3520_9,Control,Memantine,C/S,0.309215537,0.193602437,2.437319117
3520,10,3520_10,Control,Memantine,C/S,0.310204082,0.206938776,2.286938776
3520,11,3520_11,Control,Memantine,C/S,0.313192557,0.2226636,2.379468953
3520,12,3520_12,Control,Memantine,C/S,0.335357215,0.207447885,2.283748229
3520,13,3520_13,Control,Memantine,C/S,0.305296714,0.214320745,2.210397254
3520,14,3520_14,Control,Memantine,C/S,0.323751891,0.225163893,2.288451841
3520,15,3520_15,Control,Memantine,C/S,0.308157831,0.2050351,2.190752844
3521,1,3521_1,Control,Memantine,C/S,0.441881614,0.277695106,2.705605159
3521,2,3521_2,Control,Memantine,C/S,0.447824637,0.273795633,2.841390232
3521,3,3521_3,Control,Memantine,C/S,0.431228585,0.261951379,2.762277696
3521,4,3521_4,Control,Memantine,C/S,0.386822409,0.234633704,2.581084146
3521,5,3521_5,Control,Memantine,C/S,0.387912462,0.228937521,2.541558
3521,6,3521_6,Control,Memantine,C/S,0.381477398,0.226681367,2.484785006
3521,7,3521_7,Control,Memantine,C/S,0.363164203,0.210280996,2.406711946
3521,8,3521_8,Control,Memantine,C/S,0.344836775,0.207728181,2.38934044
3521,9,3521_9,Control,Memantine,C/S,0.351973244,0.204949833,2.375518395
3521,10,3521_10,Control,Memantine,C/S,0.335082197,0.201818818,2.2378454
3521,11,3521_11,Control,Memantine,C/S,0.338439615,0.204666904,2.246526541
3521,12,3521_12,Control,Memantine,C/S,0.33813987,0.207281903,2.310201875
3521,13,3521_13,Control,Memantine,C/S,0.312938596,0.211403509,2.129824561
3521,14,3521_14,Control,Memantine,C/S,0.326589595,0.206758559,2.154290796
3521,15,3521_15,Control,Memantine,C/S,0.306182122,0.197786132,2.059732665
294,1,294_1,Control,Memantine,S/C,0.308490308,0.227409227,2.614660115
294,2,294_2,Control,Memantine,S/C,0.289043982,0.211614432,2.495654464
294,3,294_3,Control,Memantine,S/C,0.32184851,0.217528028,2.601312551
294,4,294_4,Control,Memantine,S/C,0.299533598,0.206253239,2.504404906
294,5,294_5,Control,Memantine,S/C,0.297411605,0.203857215,2.469125359
294,6,294_6,Control,Memantine,S/C,0.283040552,0.204071581,2.415695288
294,7,294_7,Control,Memantine,S/C,0.316701903,0.241226216,2.558985201
294,8,294_8,Control,Memantine,S/C,0.294576828,0.225349219,2.421322925
294,9,294_9,Control,Memantine,S/C,0.281316554,0.198063892,2.299322362
294,10,294_10,Control,Memantine,S/C,0.34338495,0.239337137,2.550937245
294,11,294_11,Control,Memantine,S/C,0.326210093,0.220906282,2.42507724
294,12,294_12,Control,Memantine,S/C,0.325207469,0.223288382,2.405342324
294,13,294_13,Control,Memantine,S/C,0.324550527,0.238065716,2.349349039
294,14,294_14,Control,Memantine,S/C,0.365986395,0.251020408,2.565306122
294,15,294_15,Control,Memantine,S/C,0.362389814,0.246163892,2.510610513
3412,1,3412_1,Control,Memantine,S/C,0.281871827,0.215589406,2.485933855
3412,2,3412_2,Control,Memantine,S/C,0.298375805,0.221366564,2.481097732
3412,3,3412_3,Control,Memantine,S/C,0.303705807,0.236546926,2.524066449
3412,4,3412_4,Control,Memantine,S/C,0.293353836,0.208440116,2.309755681
3412,5,3412_5,Control,Memantine,S/C,0.304831422,0.215849844,2.375738617
3412,6,3412_6,Control,Memantine,S/C,0.29828251,0.223624255,2.369610936
3412,7,3412_7,Control,Memantine,S/C,0.30015083,0.211592329,2.272786037
3412,8,3412_8,Control,Memantine,S/C,0.299458288,0.213434453,2.291657638
3412,9,3412_9,Control,Memantine,S/C,0.294462541,0.222149837,2.271661238
3412,10,3412_10,Control,Memantine,S/C,0.304347826,0.206643869,2.138983879
3412,11,3412_11,Control,Memantine,S/C,0.299629172,0.213844252,2.146106304
3412,12,3412_12,Control,Memantine,S/C,0.321589205,0.223388306,2.18015992
3412,13,3412_13,Control,Memantine,S/C,0.3171875,0.2259375,2.13875
3412,14,3412_14,Control,Memantine,S/C,0.317687286,0.232825614,2.115635685
3412,15,3412_15,Control,Memantine,S/C,0.346354167,0.237630208,2.186197917
3413,1,3413_1,Control,Memantine,S/C,0.265467626,0.202068345,2.386870504
3413,2,3413_2,Control,Memantine,S/C,0.115181402,0.19232124,2.284431138
3413,3,3413_3,Control,Memantine,S/C,0.266897148,0.196974935,2.261797753
3413,4,3413_4,Control,Memantine,S/C,0.232138956,0.164955211,2.032772558
3413,5,3413_5,Control,Memantine,S/C,0.255172414,0.169458128,2.04499179
3413,6,3413_6,Control,Memantine,S/C,0.239452055,0.171726027,2.044493151
3413,7,3413_7,Control,Memantine,S/C,0.221028905,0.15924158,1.880933439
3413,8,3413_8,Control,Memantine,S/C,0.217385621,0.150980392,1.806013072
3413,9,3413_9,Control,Memantine,S/C,0.222236705,0.150938478,1.837851929
3413,10,3413_10,Control,Memantine,S/C,0.212386795,0.135261467,1.670464505
3413,11,3413_11,Control,Memantine,S/C,0.198158702,0.134882362,1.634955429
3413,12,3413_12,Control,Memantine,S/C,0.220139771,0.146601017,1.79272554
3413,13,3413_13,Control,Memantine,S/C,0.185979513,0.127400768,1.403329065
3413,14,3413_14,Control,Memantine,S/C,0.197270686,0.127483158,1.496977025
3413,15,3413_15,Control,Memantine,S/C,0.228643705,0.147304923,1.687682428
3419,1,3419_1,Control,Memantine,S/C,0.294584838,0.221083032,2.113068592
3419,2,3419_2,Control,Memantine,S/C,0.290589602,0.214057508,2.148852745
3419,3,3419_3,Control,Memantine,S/C,0.279473537,0.205404649,2.098151778
3419,4,3419_4,Control,Memantine,S/C,0.282661571,0.211084086,1.945100764
3419,5,3419_5,Control,Memantine,S/C,0.284984138,0.212019739,1.949770885
3419,6,3419_6,Control,Memantine,S/C,0.258191997,0.198583896,1.800098798
3419,7,3419_7,Control,Memantine,S/C,0.269407346,0.213480801,1.885225376
3419,8,3419_8,Control,Memantine,S/C,0.252742869,0.200079793,1.811689607
3419,9,3419_9,Control,Memantine,S/C,0.248001599,0.20303757,1.783573141
3419,10,3419_10,Control,Memantine,S/C,0.308648649,0.234594595,1.923243243
3419,11,3419_11,Control,Memantine,S/C,0.280010438,0.230167015,1.86717119
3419,12,3419_12,Control,Memantine,S/C,0.267983419,0.212874909,1.724701292
3419,13,3419_13,Control,Memantine,S/C,0.317257218,0.262795276,1.853674541
3419,14,3419_14,Control,Memantine,S/C,0.283713851,0.256316591,1.701065449
3419,15,3419_15,Control,Memantine,S/C,0.272194821,0.232737361,1.720406905
3420,1,3420_1,Control,Memantine,S/C,0.26672484,0.213496219,2.037812682
3420,2,3420_2,Control,Memantine,S/C,0.26,0.222627737,2.074890511
3420,3,3420_3,Control,Memantine,S/C,0.247090663,0.194046008,1.866576455
3420,4,3420_4,Control,Memantine,S/C,0.268394346,0.225625227,1.97752809
3420,5,3420_5,Control,Memantine,S/C,0.267684022,0.217055655,1.966965889
3420,6,3420_6,Control,Memantine,S/C,0.239206908,0.18835945,1.712184202
3420,7,3420_7,Control,Memantine,S/C,0.31383452,0.225088968,1.860542705
3420,8,3420_8,Control,Memantine,S/C,0.260969977,0.207642242,1.769682973
3420,9,3420_9,Control,Memantine,S/C,0.249135652,0.217408989,1.676225341
3420,10,3420_10,Control,Memantine,S/C,0.337398374,0.305190744,2.060350219
3420,11,3420_11,Control,Memantine,S/C,0.324469769,0.285533397,2.079138968
3420,12,3420_12,Control,Memantine,S/C,0.301639344,0.261102832,1.885842027
3420,13,3420_13,Control,Memantine,S/C,0.397491039,0.292473118,1.987455197
3420,14,3420_14,Control,Memantine,S/C,0.335948158,0.273874488,1.893929059
3420,15,3420_15,Control,Memantine,S/C,0.342714642,0.283576772,1.980049875
3500,1,3500_1,Control,Memantine,S/C,0.327984199,0.220343168,2.659054438
3500,2,3500_2,Control,Memantine,S/C,0.291023764,0.198445771,2.421556482
3500,3,3500_3,Control,Memantine,S/C,0.291796111,0.201357726,2.459325739
3500,4,3500_4,Control,Memantine,S/C,0.324419114,0.206780652,2.368990209
3500,5,3500_5,Control,Memantine,S/C,0.285832415,0.192668137,2.199558986
3500,6,3500_6,Control,Memantine,S/C,0.275020793,0.187551982,2.22012753
3500,7,3500_7,Control,Memantine,S/C,0.316703559,0.201089733,2.288779159
3500,8,3500_8,Control,Memantine,S/C,0.263367917,0.18499601,2.078850758
3500,9,3500_9,Control,Memantine,S/C,0.265627537,0.182172431,2.114466634
3500,10,3500_10,Control,Memantine,S/C,0.276941601,0.179811359,2.030905077
3500,11,3500_11,Control,Memantine,S/C,0.26371308,0.179324895,1.95818949
3500,12,3500_12,Control,Memantine,S/C,0.258155231,0.171353581,1.88863892
3500,13,3500_13,Control,Memantine,S/C,0.320754717,0.191340106,1.961780358
3500,14,3500_14,Control,Memantine,S/C,0.280268022,0.18461183,1.878465804
3500,15,3500_15,Control,Memantine,S/C,0.280898876,0.187265918,1.875
3503,1,3503_1,Control,Memantine,S/C,0.290876474,0.186058432,2.397360328
3503,2,3503_2,Control,Memantine,S/C,0.309183948,0.194990574,2.522353892
3503,3,3503_3,Control,Memantine,S/C,0.288297733,0.194469925,2.415148735
3503,4,3503_4,Control,Memantine,S/C,0.311251664,0.198069241,2.367010652
3503,5,3503_5,Control,Memantine,S/C,0.284369115,0.188794727,2.210608914
3503,6,3503_6,Control,Memantine,S/C,0.279554264,0.191860465,2.238210594
3503,7,3503_7,Control,Memantine,S/C,0.267342167,0.183943882,2.122174591
3503,8,3503_8,Control,Memantine,S/C,0.28141698,0.183059569,2.119730853
3503,9,3503_9,Control,Memantine,S/C,0.315329318,0.179327764,2.051486303
3503,10,3503_10,Control,Memantine,S/C,0.31290602,0.179514942,1.905153746
3503,11,3503_11,Control,Memantine,S/C,0.297578638,0.181941616,1.99185336
3503,12,3503_12,Control,Memantine,S/C,0.267662135,0.196790729,1.944952084
3503,13,3503_13,Control,Memantine,S/C,0.268236646,0.184951177,1.838598507
3503,14,3503_14,Control,Memantine,S/C,0.316858869,0.169412411,1.64195497
3503,15,3503_15,Control,Memantine,S/C,0.332021792,0.182506053,1.829600484
362,1,362_1,Control,Memantine,S/C,0.305588429,0.19947403,2.231426693
362,2,362_2,Control,Memantine,S/C,0.299698202,0.188557932,2.214145125
362,3,362_3,Control,Memantine,S/C,0.296756209,0.176507856,2.157881399
362,4,362_4,Control,Memantine,S/C,0.286402312,0.178840905,2.104029539
362,5,362_5,Control,Memantine,S/C,0.289150868,0.183367851,2.090648399
362,6,362_6,Control,Memantine,S/C,0.280287635,0.172893544,2.037986556
362,7,362_7,Control,Memantine,S/C,0.276961252,0.163199084,1.966214927
362,8,362_8,Control,Memantine,S/C,0.265610262,0.16789285,1.89718921
362,9,362_9,Control,Memantine,S/C,0.276144109,0.173515093,1.967478092
362,10,362_10,Control,Memantine,S/C,0.290691887,0.174962668,1.933300149
362,11,362_11,Control,Memantine,S/C,0.274701671,0.172792363,1.876849642
362,12,362_12,Control,Memantine,S/C,0.249596681,0.180225858,1.815164785
362,13,362_13,Control,Memantine,S/C,0.303225806,0.189677419,1.916774194
362,14,362_14,Control,Memantine,S/C,0.284480099,0.175563098,1.839247146
362,15,362_15,Control,Memantine,S/C,0.27866939,0.168077035,1.708491392
364,1,364_1,Control,Memantine,S/C,0.337857815,0.237064911,2.589436904
364,2,364_2,Control,Memantine,S/C,0.337149087,0.2491142,2.586399564
364,3,364_3,Control,Memantine,S/C,0.371796749,0.272074974,2.814321277
364,4,364_4,Control,Memantine,S/C,0.319888047,0.22818571,2.479420481
364,5,364_5,Control,Memantine,S/C,0.331918506,0.239388795,2.549575552
364,6,364_6,Control,Memantine,S/C,0.345113978,0.262767273,2.625375508
364,7,364_7,Control,Memantine,S/C,0.302771411,0.227964159,2.374661388
364,8,364_8,Control,Memantine,S/C,0.30942667,0.241142366,2.426240069
364,9,364_9,Control,Memantine,S/C,0.303419689,0.237098446,2.369533679
364,10,364_10,Control,Memantine,S/C,0.310131477,0.237947925,2.345449858
364,11,364_11,Control,Memantine,S/C,0.363934426,0.263661202,2.551912568
364,12,364_12,Control,Memantine,S/C,0.317728319,0.244563827,2.385520594
364,13,364_13,Control,Memantine,S/C,0.268688082,0.248273792,2.258180727
364,14,364_14,Control,Memantine,S/C,0.258377425,0.278365667,2.279541446
364,15,364_15,Control,Memantine,S/C,0.331821354,0.300418702,2.732379623
365,1,365_1,Control,Memantine,S/C,0.337206545,0.211761916,2.508299739
365,2,365_2,Control,Memantine,S/C,0.347400242,0.225513906,2.544860943
365,3,365_3,Control,Memantine,S/C,0.355216466,0.231724627,2.56422995
365,4,365_4,Control,Memantine,S/C,0.316156191,0.209174046,2.375381042
365,5,365_5,Control,Memantine,S/C,0.323482078,0.208339429,2.440380395
365,6,365_6,Control,Memantine,S/C,0.307015092,0.201788709,2.304080492
365,7,365_7,Control,Memantine,S/C,0.281439197,0.198235599,2.186126968
365,8,365_8,Control,Memantine,S/C,0.292704786,0.208460298,2.301666965
365,9,365_9,Control,Memantine,S/C,0.303951921,0.229284283,2.287379348
365,10,365_10,Control,Memantine,S/C,0.2463138,0.179773157,1.878071834
365,11,365_11,Control,Memantine,S/C,0.291970803,0.202662087,2.126878489
365,12,365_12,Control,Memantine,S/C,0.288242731,0.198482933,2.078381795
365,13,365_13,Control,Memantine,S/C,0.279959463,0.209019508,1.966810236
365,14,365_14,Control,Memantine,S/C,0.317024887,0.231052036,2.208710407
365,15,365_15,Control,Memantine,S/C,0.338731086,0.216617998,2.05256172
3477,1,3477_1,Control,Saline,C/S,0.414979938,0.265893892,2.706107891
3477,2,3477_2,Control,Saline,C/S,0.42432531,0.275984683,2.803701678
3477,3,3477_3,Control,Saline,C/S,0.444759725,0.28228833,2.91826087
3477,4,3477_4,Control,Saline,C/S,0.390845886,0.240208575,2.521089224
3477,5,3477_5,Control,Saline,C/S,0.389175553,0.238390093,2.514046554
3477,6,3477_6,Control,Saline,C/S,0.414547605,0.256061502,2.672383205
3477,7,3477_7,Control,Saline,C/S,0.349670577,0.224168408,2.107665113
3477,8,3477_8,Control,Saline,C/S,0.361981302,0.220272265,2.217319993
3477,9,3477_9,Control,Saline,C/S,0.385111073,0.238256741,2.369340343
3477,10,3477_10,Control,Saline,C/S,0.37947644,0.222827225,2.057382199
3477,11,3477_11,Control,Saline,C/S,0.367043551,0.225083752,2.100921273
3477,12,3477_12,Control,Saline,C/S,0.372024436,0.225405519,2.195070571
3477,13,3477_13,Control,Saline,C/S,0.338769069,0.238558653,1.971067859
3477,14,3477_14,Control,Saline,C/S,0.357764303,0.230951753,2.023464276
3477,15,3477_15,Control,Saline,C/S,0.346470891,0.212004122,2.031684699
3478,1,3478_1,Control,Saline,C/S,0.419017131,0.224173732,2.859231701
3478,2,3478_2,Control,Saline,C/S,0.432892907,0.238960362,2.939673157
3478,3,3478_3,Control,Saline,C/S,0.463256803,0.235971988,3.09068345
3478,4,3478_4,Control,Saline,C/S,0.364471669,0.194486983,2.534338556
3478,5,3478_5,Control,Saline,C/S,0.376171829,0.190577904,2.584430996
3478,6,3478_6,Control,Saline,C/S,0.39099809,0.194842407,2.666427889
3478,7,3478_7,Control,Saline,C/S,0.339267767,0.182770998,2.309547739
3478,8,3478_8,Control,Saline,C/S,0.350977797,0.206734304,2.41493898
3478,9,3478_9,Control,Saline,C/S,0.369603267,0.183634772,2.501458576
3478,10,3478_10,Control,Saline,C/S,0.320470415,0.177692025,2.111172363
3478,11,3478_11,Control,Saline,C/S,0.311541144,0.17346583,2.011680614
3478,12,3478_12,Control,Saline,C/S,0.323897059,0.182904412,2.169301471
3478,13,3478_13,Control,Saline,C/S,0.297027645,0.188526294,2.004988568
3478,14,3478_14,Control,Saline,C/S,0.312943633,0.183507307,2.057411273
3478,15,3478_15,Control,Saline,C/S,0.308090213,0.187875026,2.059797227
3479,1,3479_1,Control,Saline,C/S,0.360817477,0.196818685,2.480217457
3479,2,3479_2,Control,Saline,C/S,0.347358997,0.194469313,2.468516861
3479,3,3479_3,Control,Saline,C/S,0.366670089,0.203408974,2.556627991
3479,4,3479_4,Control,Saline,C/S,0.326849733,0.177218408,2.258454106
3479,5,3479_5,Control,Saline,C/S,0.32577239,0.184069874,2.314691696
3479,6,3479_6,Control,Saline,C/S,0.3389315,0.190822534,2.398439566
3479,7,3479_7,Control,Saline,C/S,0.307390451,0.185415304,2.193263571
3479,8,3479_8,Control,Saline,C/S,0.322077922,0.177597403,2.165422078
3479,9,3479_9,Control,Saline,C/S,0.316986611,0.180835619,2.163252137
3479,10,3479_10,Control,Saline,C/S,0.343633656,0.216120625,2.431124348
3479,11,3479_11,Control,Saline,C/S,0.353085952,0.21942446,2.464407421
3479,12,3479_12,Control,Saline,C/S,0.340389972,0.210213556,2.4363974
3479,13,3479_13,Control,Saline,C/S,0.351551264,0.228888432,2.556400247
3479,14,3479_14,Control,Saline,C/S,0.360835619,0.238657945,2.672926778
3479,15,3479_15,Control,Saline,C/S,0.372259696,0.248735245,2.687605396
3480,1,3480_1,Control,Saline,C/S,0.397922752,0.210564752,2.755355404
3480,2,3480_2,Control,Saline,C/S,0.41048321,0.212285012,2.816707617
3480,3,3480_3,Control,Saline,C/S,0.400732367,0.199251712,2.765005572
3480,4,3480_4,Control,Saline,C/S,0.332077446,0.18859236,2.473678702
3480,5,3480_5,Control,Saline,C/S,0.327295183,0.187628654,2.445862495
3480,6,3480_6,Control,Saline,C/S,0.326509512,0.180727874,2.450062035
3480,7,3480_7,Control,Saline,C/S,0.294477745,0.166687922,2.262849126
3480,8,3480_8,Control,Saline,C/S,0.299346241,0.159039477,2.247674126
3480,9,3480_9,Control,Saline,C/S,0.299093656,0.15835851,2.218403827
3480,10,3480_10,Control,Saline,C/S,0.277969665,0.148670972,2.110977624
3480,11,3480_11,Control,Saline,C/S,0.272561254,0.147618323,2.087657891
3480,12,3480_12,Control,Saline,C/S,0.270306456,0.147872657,2.063076465
3480,13,3480_13,Control,Saline,C/S,0.255656109,0.136877828,1.868401207
3480,14,3480_14,Control,Saline,C/S,0.248880597,0.136380597,1.847201493
3480,15,3480_15,Control,Saline,C/S,0.250783699,0.153605016,1.819103817
3484,1,3484_1,Control,Saline,C/S,0.437048307,0.236021301,3.126093572
3484,2,3484_2,Control,Saline,C/S,0.426259824,0.234304207,3.029588534
3484,3,3484_3,Control,Saline,C/S,0.424497732,0.243125637,2.983149708
3484,4,3484_4,Control,Saline,C/S,0.396927651,0.208870168,2.827675917
3484,5,3484_5,Control,Saline,C/S,0.382448148,0.217360029,2.713343724
3484,6,3484_6,Control,Saline,C/S,0.370335491,0.217775162,2.637551501
3484,7,3484_7,Control,Saline,C/S,0.354444444,0.195396825,2.462857143
3484,8,3484_8,Control,Saline,C/S,0.345962733,0.195652174,2.447981366
3484,9,3484_9,Control,Saline,C/S,0.317620006,0.186404139,2.214141995
3484,10,3484_10,Control,Saline,C/S,0.373902133,0.210790464,2.683814304
3484,11,3484_11,Control,Saline,C/S,0.357739753,0.206526064,2.516713092
3484,12,3484_12,Control,Saline,C/S,0.359857482,0.211599367,2.537608868
3484,13,3484_13,Control,Saline,C/S,0.443789749,0.226056865,3.075102881
3484,14,3484_14,Control,Saline,C/S,0.440290758,0.221939016,3.037571981
3484,15,3484_15,Control,Saline,C/S,0.445206749,0.219543853,3.006304469
3497,1,3497_1,Control,Saline,C/S,0.497159859,0.263727346,3.757641331
3497,2,3497_2,Control,Saline,C/S,0.340028558,0.182674917,2.588005712
3497,3,3497_3,Control,Saline,C/S,0.401265095,0.216676251,3.083381254
3497,4,3497_4,Control,Saline,C/S,0.454197839,0.230091438,3.337822111
3497,5,3497_5,Control,Saline,C/S,0.320351137,0.170128586,2.408877349
3497,6,3497_6,Control,Saline,C/S,0.385155773,0.209224191,2.951893708
3497,7,3497_7,Control,Saline,C/S,0.376263127,0.208044383,2.986922925
3497,8,3497_8,Control,Saline,C/S,0.251711223,0.132765078,1.908433424
3497,9,3497_9,Control,Saline,C/S,0.33877403,0.186797243,2.653246282
3497,10,3497_10,Control,Saline,C/S,0.352426961,0.187025535,2.576029446
3497,11,3497_11,Control,Saline,C/S,0.204931973,0.112811791,1.548185941
3497,12,3497_12,Control,Saline,C/S,0.323243243,0.174702703,2.317621622
3497,13,3497_13,Control,Saline,C/S,0.375665602,0.180244941,2.290734824
3497,14,3497_14,Control,Saline,C/S,0.301928619,0.147639104,1.88805143
3497,15,3497_15,Control,Saline,C/S,0.290584841,0.190138998,2.197744558
50810A,1,50810A_1,Control,Saline,C/S,0.438504082,0.29483803,3.174743218
50810A,2,50810A_2,Control,Saline,C/S,0.419143988,0.293947583,2.98743008
50810A,3,50810A_3,Control,Saline,C/S,0.401651199,0.305773171,2.889176811
50810A,4,50810A_4,Control,Saline,C/S,0.354830698,0.227253912,2.699478434
50810A,5,50810A_5,Control,Saline,C/S,0.344816406,0.239685499,2.688741185
50810A,6,50810A_6,Control,Saline,C/S,0.310603829,0.212665685,2.393446244
50810A,7,50810A_7,Control,Saline,C/S,0.318815683,0.199676637,2.42502021
50810A,8,50810A_8,Control,Saline,C/S,0.304625356,0.19660218,2.345084945
50810A,9,50810A_9,Control,Saline,C/S,0.298627451,0.19754902,2.331666667
50810A,10,50810A_10,Control,Saline,C/S,0.281612782,0.19423293,2.148795406
50810A,11,50810A_11,Control,Saline,C/S,0.262914692,0.175,1.959952607
50810A,12,50810A_12,Control,Saline,C/S,0.254059105,0.167270179,1.958766499
50810A,13,50810A_13,Control,Saline,C/S,0.278817139,0.173657212,2.064121907
50810A,14,50810A_14,Control,Saline,C/S,0.254298896,0.160492101,1.924786803
50810A,15,50810A_15,Control,Saline,C/S,0.264318442,0.164805269,1.918957617
50810D,1,50810D_1,Control,Saline,C/S,0.383698761,0.242373689,2.736812838
50810D,2,50810D_2,Control,Saline,C/S,0.36611979,0.249391632,2.941047178
50810D,3,50810D_3,Control,Saline,C/S,0.369385527,0.256316282,2.843340611
50810D,4,50810D_4,Control,Saline,C/S,0.314718787,0.200438771,2.588851217
50810D,5,50810D_5,Control,Saline,C/S,0.311225983,0.205208232,2.491075783
50810D,6,50810D_6,Control,Saline,C/S,0.304270463,0.218663503,2.523428233
50810D,7,50810D_7,Control,Saline,C/S,0.286518964,0.194642634,2.341219176
50810D,8,50810D_8,Control,Saline,C/S,0.285345146,0.181616833,2.33382552
50810D,9,50810D_9,Control,Saline,C/S,0.278532772,0.178592904,2.23728202
50810D,10,50810D_10,Control,Saline,C/S,0.267685521,0.168898692,2.172680006
50810D,11,50810D_11,Control,Saline,C/S,0.263722784,0.164520086,2.100122662
50810D,12,50810D_12,Control,Saline,C/S,0.251379979,0.161271073,2.017604058
50810D,13,50810D_13,Control,Saline,C/S,0.249283154,0.163978495,2.041935484
50810D,14,50810D_14,Control,Saline,C/S,0.260824385,0.160200901,1.960339453
50810D,15,50810D_15,Control,Saline,C/S,0.246312178,0.160205832,2.004116638
50810F,1,50810F_1,Control,Saline,C/S,0.335251046,0.234658298,2.356171548
50810F,2,50810F_2,Control,Saline,C/S,0.34122322,0.234968901,2.321181755
50810F,3,50810F_3,Control,Saline,C/S,0.326874044,0.234404216,2.295597484
50810F,4,50810F_4,Control,Saline,C/S,0.3393186,0.261279926,2.446823204
50810F,5,50810F_5,Control,Saline,C/S,0.342953777,0.253213078,2.398647125
50810F,6,50810F_6,Control,Saline,C/S,0.334570867,0.249181044,2.295697751
50810F,7,50810F_7,Control,Saline,C/S,0.313292885,0.251792609,2.23248759
50810F,8,50810F_8,Control,Saline,C/S,0.309686221,0.25047749,2.232469304
50810F,9,50810F_9,Control,Saline,C/S,0.336996337,0.263736264,2.267962806
50810F,10,50810F_10,Control,Saline,C/S,0.329662522,0.284547069,2.240142096
50810F,11,50810F_11,Control,Saline,C/S,0.303954424,0.269101877,2.169235925
50810F,12,50810F_12,Control,Saline,C/S,0.296296296,0.266865079,2.112433862
50810F,13,50810F_13,Control,Saline,C/S,0.356233115,0.255885758,1.959475106
50810F,14,50810F_14,Control,Saline,C/S,0.368883312,0.291091593,2.116687578
50810F,15,50810F_15,Control,Saline,C/S,0.344410876,0.274924471,1.916918429
3422,1,3422_1,Control,Saline,S/C,0.319786096,0.203972498,2.596944232
3422,2,3422_2,Control,Saline,S/C,0.31521409,0.201488005,2.626784087
3422,3,3422_3,Control,Saline,S/C,0.32137973,0.208478955,2.60644279
3422,4,3422_4,Control,Saline,S/C,0.314818165,0.196309028,2.414510584
3422,5,3422_5,Control,Saline,S/C,0.322586622,0.197517139,2.527885863
3422,6,3422_6,Control,Saline,S/C,0.315463918,0.201124649,2.611246485
3422,7,3422_7,Control,Saline,S/C,0.312071331,0.200731596,2.368998628
3422,8,3422_8,Control,Saline,S/C,0.308009153,0.196567506,2.39221968
3422,9,3422_9,Control,Saline,S/C,0.322462942,0.192474344,2.389053592
3422,10,3422_10,Control,Saline,S/C,0.3096,0.183466667,2.222666667
3422,11,3422_11,Control,Saline,S/C,0.314391928,0.189591078,2.236590547
3422,12,3422_12,Control,Saline,S/C,0.314003207,0.185195083,2.229556387
3422,13,3422_13,Control,Saline,S/C,0.308646003,0.194127243,2.084502447
3422,14,3422_14,Control,Saline,S/C,0.319674797,0.188617886,2.09495935
3422,15,3422_15,Control,Saline,S/C,0.29930163,0.201529764,2.118390422
3423,1,3423_1,Control,Saline,S/C,0.395838232,0.26875147,3.106865742
3423,2,3423_2,Control,Saline,S/C,0.388869484,0.268366515,3.147747118
3423,3,3423_3,Control,Saline,S/C,0.393957207,0.264989419,3.164237009
3423,4,3423_4,Control,Saline,S/C,0.369449634,0.242563587,2.966949274
3423,5,3423_5,Control,Saline,S/C,0.366374269,0.243128655,3.013304094
3423,6,3423_6,Control,Saline,S/C,0.358347627,0.241280732,3.03887936
3423,7,3423_7,Control,Saline,S/C,0.338841474,0.240058108,2.846740512
3423,8,3423_8,Control,Saline,S/C,0.331226962,0.22906793,2.708969633
3423,9,3423_9,Control,Saline,S/C,0.337155142,0.239519885,2.788427087
3423,10,3423_10,Control,Saline,S/C,0.320489574,0.243200363,2.653671804
3423,11,3423_11,Control,Saline,S/C,0.293364626,0.241519095,2.486025176
3423,12,3423_12,Control,Saline,S/C,0.417221387,0.234915181,2.55228688
3423,13,3423_13,Control,Saline,S/C,0.315920398,0.238557214,2.490049751
3423,14,3423_14,Control,Saline,S/C,0.303121853,0.237411883,2.551863041
3423,15,3423_15,Control,Saline,S/C,0.318553381,0.232598464,2.529601189
3424,1,3424_1,Control,Saline,S/C,0.333463187,0.214777302,2.632904818
3424,2,3424_2,Control,Saline,S/C,0.335432016,0.219156062,2.64822505
3424,3,3424_3,Control,Saline,S/C,0.33722318,0.213632144,2.640763824
3424,4,3424_4,Control,Saline,S/C,0.21062679,0.14041786,1.671545233
3424,5,3424_5,Control,Saline,S/C,0.326507208,0.20904325,2.542267366
3424,6,3424_6,Control,Saline,S/C,0.330713818,0.206614276,2.544204322
3424,7,3424_7,Control,Saline,S/C,0.294862108,0.197393275,2.235171893
3424,8,3424_8,Control,Saline,S/C,0.29756965,0.212211025,2.356253705
3424,9,3424_9,Control,Saline,S/C,0.298228346,0.203149606,2.375393701
3424,10,3424_10,Control,Saline,S/C,0.302457002,0.251597052,2.275429975
3424,11,3424_11,Control,Saline,S/C,0.321801068,0.250063597,2.361231239
3424,12,3424_12,Control,Saline,S/C,0.316520844,0.235975296,2.407874421
3424,13,3424_13,Control,Saline,S/C,0.323943662,0.252322445,2.271501349
3424,14,3424_14,Control,Saline,S/C,0.33056325,0.247768544,2.364419821
3424,15,3424_15,Control,Saline,S/C,0.330059524,0.246130952,2.251190476
3481,1,3481_1,Control,Saline,S/C,0.330162703,0.228660826,2.894618273
3481,2,3481_2,Control,Saline,S/C,0.333796589,0.221857233,2.989766267
3481,3,3481_3,Control,Saline,S/C,0.344692519,0.237106672,3.046220133
3481,4,3481_4,Control,Saline,S/C,0.310617821,0.223688296,2.706147159
3481,5,3481_5,Control,Saline,S/C,0.307274701,0.220102373,2.704668838
3481,6,3481_6,Control,Saline,S/C,0.314811875,0.216701064,2.774249881
3481,7,3481_7,Control,Saline,S/C,0.327483196,0.218073189,2.510828977
3481,8,3481_8,Control,Saline,S/C,0.293456589,0.21279681,2.478883451
3481,9,3481_9,Control,Saline,S/C,0.311025145,0.228626692,2.646034816
3481,10,3481_10,Control,Saline,S/C,0.294002608,0.232290309,2.389830508
3481,11,3481_11,Control,Saline,S/C,0.312893082,0.213162624,2.466981132
3481,12,3481_12,Control,Saline,S/C,0.310140973,0.2157799,2.492496589
3481,13,3481_13,Control,Saline,S/C,0.309741882,0.217873994,2.323064113
3481,14,3481_14,Control,Saline,S/C,0.28241335,0.187676508,2.222336329
3481,15,3481_15,Control,Saline,S/C,0.366319444,0.216724537,2.44849537
3488,1,3488_1,Control,Saline,S/C,0.331817094,0.258558774,2.70457266
3488,2,3488_2,Control,Saline,S/C,0.32193087,0.271632896,2.681883194
3488,3,3488_3,Control,Saline,S/C,0.325181598,0.269128329,2.710048426
3488,4,3488_4,Control,Saline,S/C,0.306446731,0.212318402,2.443401937
3488,5,3488_5,Control,Saline,S/C,0.306557128,0.224707135,2.459759623
3488,6,3488_6,Control,Saline,S/C,0.295143027,0.210369487,2.413587604
3488,7,3488_7,Control,Saline,S/C,0.276053812,0.19264574,2.288071749
3488,8,3488_8,Control,Saline,S/C,0.28516624,0.202594081,2.265253928
3488,9,3488_9,Control,Saline,S/C,0.288584637,0.198079659,2.254800853
3488,10,3488_10,Control,Saline,S/C,0.26969697,0.185656566,2.138181818
3488,11,3488_11,Control,Saline,S/C,0.26891253,0.18144208,2.069542947
3488,12,3488_12,Control,Saline,S/C,0.295701085,0.185817597,2.148051426
3488,13,3488_13,Control,Saline,S/C,0.264522822,0.177904564,2.001815353
3488,14,3488_14,Control,Saline,S/C,0.2597874,0.187451387,1.99766658
3488,15,3488_15,Control,Saline,S/C,0.276084711,0.176394628,2.003615702
3489,1,3489_1,Control,Saline,S/C,0.350152517,0.251525165,2.862353838
3489,2,3489_2,Control,Saline,S/C,0.361585604,0.26887469,2.937671144
3489,3,3489_3,Control,Saline,S/C,0.35775258,0.264747102,2.857561473
3489,4,3489_4,Control,Saline,S/C,0.32768,0.22496,2.64128
3489,5,3489_5,Control,Saline,S/C,0.307420495,0.21631587,2.528499001
3489,6,3489_6,Control,Saline,S/C,0.309688581,0.23403586,2.619377163
3489,7,3489_7,Control,Saline,S/C,0.297897898,0.231231231,2.595995996
3489,8,3489_8,Control,Saline,S/C,0.287175601,0.212729684,2.459556734
3489,9,3489_9,Control,Saline,S/C,0.304721851,0.22099025,2.491493022
3489,10,3489_10,Control,Saline,S/C,0.297550432,0.229827089,2.548511047
3489,11,3489_11,Control,Saline,S/C,0.2945318,0.251818822,2.484158648
3489,12,3489_12,Control,Saline,S/C,0.296827262,0.231962397,2.461809636
3489,13,3489_13,Control,Saline,S/C,0.297936893,0.244538835,2.475121359
3489,14,3489_14,Control,Saline,S/C,0.295859776,0.250831067,2.442127531
3489,15,3489_15,Control,Saline,S/C,0.286502898,0.227159812,2.252829147
3490,1,3490_1,Control,Saline,S/C,0.387528039,0.280035891,2.869627636
3490,2,3490_2,Control,Saline,S/C,0.400981845,0.292145239,2.936550574
3490,3,3490_3,Control,Saline,S/C,0.405328259,0.30076118,3.062987631
3490,4,3490_4,Control,Saline,S/C,0.34579756,0.23463624,2.694532309
3490,5,3490_5,Control,Saline,S/C,0.342428064,0.240972143,2.731055829
3490,6,3490_6,Control,Saline,S/C,0.363548698,0.255665381,2.900675024
3490,7,3490_7,Control,Saline,S/C,0.317410523,0.200912591,2.45743619
3490,8,3490_8,Control,Saline,S/C,0.323465072,0.221962958,2.475134899
3490,9,3490_9,Control,Saline,S/C,0.342061948,0.235223702,2.637887176
3490,10,3490_10,Control,Saline,S/C,0.227291696,0.165808875,1.933926833
3490,11,3490_11,Control,Saline,S/C,0.250574383,0.17073521,1.996553705
3490,12,3490_12,Control,Saline,S/C,0.285593934,0.195956192,2.296545914
3490,13,3490_13,Control,Saline,S/C,0.231018046,0.168709568,1.809499489
3490,14,3490_14,Control,Saline,S/C,0.238121048,0.1833785,1.889611563
3490,15,3490_15,Control,Saline,S/C,0.284615385,0.197089397,2.175051975
3516,1,3516_1,Control,Saline,S/C,0.263169569,0.220694244,2.077187535
3516,2,3516_2,Control,Saline,S/C,0.253764393,0.206377325,2.051594331
3516,3,3516_3,Control,Saline,S/C,0.241087485,0.19866709,1.996720618
3516,4,3516_4,Control,Saline,S/C,0.264470918,0.208829713,2.059985985
3516,5,3516_5,Control,Saline,S/C,0.24848325,0.193220786,1.92614086
3516,6,3516_6,Control,Saline,S/C,0.23724854,0.199610642,1.90486697
3516,7,3516_7,Control,Saline,S/C,0.250930873,0.187793427,1.898332524
3516,8,3516_8,Control,Saline,S/C,0.242877606,0.186057616,1.873468088
3516,9,3516_9,Control,Saline,S/C,0.229708146,0.187309424,1.725424713
3516,10,3516_10,Control,Saline,S/C,0.262241775,0.187069625,1.824598317
3516,11,3516_11,Control,Saline,S/C,0.251103753,0.177336277,1.759749816
3516,12,3516_12,Control,Saline,S/C,0.230394626,0.159026029,1.605205709
3516,13,3516_13,Control,Saline,S/C,0.242491657,0.170856507,1.584204672
3516,14,3516_14,Control,Saline,S/C,0.215968586,0.15095986,1.554537522
3516,15,3516_15,Control,Saline,S/C,0.230075804,0.142593731,1.440278631
J2292,1,J2292_1,Control,Saline,S/C,0.394663552,0.220285689,2.588356841
J2292,2,J2292_2,Control,Saline,S/C,0.408166904,0.21068117,2.643455777
J2292,3,J2292_3,Control,Saline,S/C,0.384366485,0.211682561,2.478201635
J2292,4,J2292_4,Control,Saline,S/C,0.355444872,0.199003849,2.298052977
J2292,5,J2292_5,Control,Saline,S/C,0.349615256,0.194267871,2.405375265
J2292,6,J2292_6,Control,Saline,S/C,0.357586513,0.195319432,2.338952972
J2292,7,J2292_7,Control,Saline,S/C,0.33805873,0.203674237,2.125415883
J2292,8,J2292_8,Control,Saline,S/C,0.346938776,0.196740567,2.29290853
J2292,9,J2292_9,Control,Saline,S/C,0.355418139,0.19655477,2.401943463
J2292,10,J2292_10,Control,Saline,S/C,0.375715922,0.197785414,2.263268423
J2292,11,J2292_11,Control,Saline,S/C,0.350877193,0.195874301,2.31212647
J2292,12,J2292_12,Control,Saline,S/C,0.356204097,0.204870506,2.352725164
J2292,13,J2292_13,Control,Saline,S/C,0.386189258,0.189897698,2.157502131
J2292,14,J2292_14,Control,Saline,S/C,0.342094017,0.197222222,2.206196581
J2292,15,J2292_15,Control,Saline,S/C,0.347053907,0.189093188,2.179690765
3414,1,3414_1,Ts65Dn,Memantine,C/S,0.3649528,0.230776281,2.603061131
3414,2,3414_2,Ts65Dn,Memantine,C/S,0.366148861,0.249213762,2.703611932
3414,3,3414_3,Ts65Dn,Memantine,C/S,0.384048842,0.253609846,2.662564202
3414,4,3414_4,Ts65Dn,Memantine,C/S,0.324364552,0.203457751,2.32024273
3414,5,3414_5,Ts65Dn,Memantine,C/S,0.335976331,0.209940828,2.379289941
3414,6,3414_6,Ts65Dn,Memantine,C/S,0.334826692,0.217401556,2.327988682
3414,7,3414_7,Ts65Dn,Memantine,C/S,0.312435462,0.19825933,2.291340906
3414,8,3414_8,Ts65Dn,Memantine,C/S,0.327056645,0.210680661,2.407933323
3414,9,3414_9,Ts65Dn,Memantine,C/S,0.313106796,0.21101335,2.259708738
3414,10,3414_10,Ts65Dn,Memantine,C/S,0.301043765,0.204907526,2.133125801
3414,11,3414_11,Ts65Dn,Memantine,C/S,0.327937536,0.208150828,2.217863264
3414,12,3414_12,Ts65Dn,Memantine,C/S,0.312754016,0.213083027,2.184633249
3414,13,3414_13,Ts65Dn,Memantine,C/S,0.278319255,0.203378817,2.097249296
3414,14,3414_14,Ts65Dn,Memantine,C/S,0.294018178,0.203762418,2.014161911
3414,15,3414_15,Ts65Dn,Memantine,C/S,0.278910105,0.206393478,2.026818279
3416,1,3416_1,Ts65Dn,Memantine,C/S,0.327980296,0.206403941,2.652610837
3416,2,3416_2,Ts65Dn,Memantine,C/S,0.341102554,0.222030807,2.696291042
3416,3,3416_3,Ts65Dn,Memantine,C/S,0.341929612,0.221581715,2.662216828
3416,4,3416_4,Ts65Dn,Memantine,C/S,0.311465128,0.192925238,2.450200702
3416,5,3416_5,Ts65Dn,Memantine,C/S,0.318658552,0.203418361,2.47921792
3416,6,3416_6,Ts65Dn,Memantine,C/S,0.316854508,0.212858607,2.486296107
3416,7,3416_7,Ts65Dn,Memantine,C/S,0.294930876,0.187403994,2.251920123
3416,8,3416_8,Ts65Dn,Memantine,C/S,0.290523124,0.183472328,2.188476118
3416,9,3416_9,Ts65Dn,Memantine,C/S,0.307472632,0.20276059,2.346501666
3416,10,3416_10,Ts65Dn,Memantine,C/S,0.279319458,0.183019491,1.909811695
3416,11,3416_11,Ts65Dn,Memantine,C/S,0.249166799,0.179177908,1.799555626
3416,12,3416_12,Ts65Dn,Memantine,C/S,0.268377254,0.185679612,1.993758669
3416,13,3416_13,Ts65Dn,Memantine,C/S,0.322344322,0.226648352,2.196657509
3416,14,3416_14,Ts65Dn,Memantine,C/S,0.251431639,0.176449535,1.726020043
3416,15,3416_15,Ts65Dn,Memantine,C/S,0.263418499,0.187363834,1.89681125
3417,1,3417_1,Ts65Dn,Memantine,C/S,0.261531031,0.183409804,1.789181357
3417,2,3417_2,Ts65Dn,Memantine,C/S,0.250591311,0.190962281,1.835926802
3417,3,3417_3,Ts65Dn,Memantine,C/S,0.257682292,0.197786458,1.954036458
3417,4,3417_4,Ts65Dn,Memantine,C/S,0.233023387,0.171315864,1.637080868
3417,5,3417_5,Ts65Dn,Memantine,C/S,0.241055718,0.180205279,1.720234604
3417,6,3417_6,Ts65Dn,Memantine,C/S,0.255966308,0.186710342,1.785680861
3417,7,3417_7,Ts65Dn,Memantine,C/S,0.228784793,0.156143924,1.441955193
3417,8,3417_8,Ts65Dn,Memantine,C/S,0.23737656,0.178311906,1.603316564
3417,9,3417_9,Ts65Dn,Memantine,C/S,0.243436293,0.185714286,1.633783784
3417,10,3417_10,Ts65Dn,Memantine,C/S,0.231256831,0.178579235,1.499453552
3417,11,3417_11,Ts65Dn,Memantine,C/S,0.251415094,0.203301887,1.564858491
3417,12,3417_12,Ts65Dn,Memantine,C/S,0.255,0.191428571,1.603571429
3417,13,3417_13,Ts65Dn,Memantine,C/S,0.29337131,0.183065769,1.465820818
3417,14,3417_14,Ts65Dn,Memantine,C/S,0.253147236,0.198412698,1.554734537
3417,15,3417_15,Ts65Dn,Memantine,C/S,0.290439133,0.192329072,1.569483046
3429,1,3429_1,Ts65Dn,Memantine,C/S,0.280458544,0.201146361,2.080645161
3429,2,3429_2,Ts65Dn,Memantine,C/S,0.274916833,0.194677312,2.052561544
3429,3,3429_3,Ts65Dn,Memantine,C/S,0.29375,0.192819149,2.045478723
3429,4,3429_4,Ts65Dn,Memantine,C/S,0.264489656,0.188750214,1.943580099
3429,5,3429_5,Ts65Dn,Memantine,C/S,0.259551139,0.18416995,1.938667124
3429,6,3429_6,Ts65Dn,Memantine,C/S,0.253353454,0.179577465,1.922367539
3429,7,3429_7,Ts65Dn,Memantine,C/S,0.235359361,0.178349601,1.795031056
3429,8,3429_8,Ts65Dn,Memantine,C/S,0.240833153,0.167498373,1.719027989
3429,9,3429_9,Ts65Dn,Memantine,C/S,0.25594841,0.176562153,1.755392484
3429,10,3429_10,Ts65Dn,Memantine,C/S,0.29687903,0.179520248,1.696672685
3429,11,3429_11,Ts65Dn,Memantine,C/S,0.240914867,0.191867853,1.688691233
3429,12,3429_12,Ts65Dn,Memantine,C/S,0.241050734,0.176152459,1.711820757
3429,13,3429_13,Ts65Dn,Memantine,C/S,0.275541796,0.158176189,1.520123839
3429,14,3429_14,Ts65Dn,Memantine,C/S,0.23562371,0.162194043,1.572692421
3429,15,3429_15,Ts65Dn,Memantine,C/S,0.227769986,0.155680224,1.509677419
3504,1,3504_1,Ts65Dn,Memantine,C/S,0.319868342,0.206762418,2.485338121
3504,2,3504_2,Ts65Dn,Memantine,C/S,0.311150723,0.199049317,2.448900772
3504,3,3504_3,Ts65Dn,Memantine,C/S,0.323281639,0.204288723,2.424851618
3504,4,3504_4,Ts65Dn,Memantine,C/S,0.301410913,0.185291547,2.263953053
3504,5,3504_5,Ts65Dn,Memantine,C/S,0.286098545,0.182051596,2.239515833
3504,6,3504_6,Ts65Dn,Memantine,C/S,0.279078229,0.180715585,2.242328684
3504,7,3504_7,Ts65Dn,Memantine,C/S,0.274184316,0.178878077,2.114195764
3504,8,3504_8,Ts65Dn,Memantine,C/S,0.264681325,0.170052881,2.078207626
3504,9,3504_9,Ts65Dn,Memantine,C/S,0.26981254,0.159017453,1.962249515
3504,10,3504_10,Ts65Dn,Memantine,C/S,0.303199344,0.169483183,1.985233798
3504,11,3504_11,Ts65Dn,Memantine,C/S,0.248358687,0.166853483,1.944435548
3504,12,3504_12,Ts65Dn,Memantine,C/S,0.261925795,0.166961131,1.850853946
3504,13,3504_13,Ts65Dn,Memantine,C/S,0.24968789,0.150436954,1.687265918
3504,14,3504_14,Ts65Dn,Memantine,C/S,0.232790743,0.145714846,1.616395372
3504,15,3504_15,Ts65Dn,Memantine,C/S,0.213702191,0.142963238,1.540846639
3505,1,3505_1,Ts65Dn,Memantine,C/S,0.466672796,0.266433759,3.100855015
3505,2,3505_2,Ts65Dn,Memantine,C/S,0.445840438,0.263214574,2.937987975
3505,3,3505_3,Ts65Dn,Memantine,C/S,0.432995987,0.265747688,2.870615948
3505,4,3505_4,Ts65Dn,Memantine,C/S,0.388574183,0.218874292,2.632156201
3505,5,3505_5,Ts65Dn,Memantine,C/S,0.381541047,0.220355257,2.596735478
3505,6,3505_6,Ts65Dn,Memantine,C/S,0.378001183,0.223891189,2.55836783
3505,7,3505_7,Ts65Dn,Memantine,C/S,0.376350451,0.219328104,2.54417641
3505,8,3505_8,Ts65Dn,Memantine,C/S,0.36123723,0.212826334,2.42068672
3505,9,3505_9,Ts65Dn,Memantine,C/S,0.348197343,0.211168338,2.378422337
3505,10,3505_10,Ts65Dn,Memantine,C/S,0.32745372,0.211840727,2.281348236
3505,11,3505_11,Ts65Dn,Memantine,C/S,0.332911621,0.227543828,2.332730887
3505,12,3505_12,Ts65Dn,Memantine,C/S,0.314333613,0.212070411,2.194300084
3505,13,3505_13,Ts65Dn,Memantine,C/S,0.326748822,0.207140268,2.187205509
3505,14,3505_14,Ts65Dn,Memantine,C/S,0.321734378,0.210967389,2.179449809
3505,15,3505_15,Ts65Dn,Memantine,C/S,0.318716578,0.204099822,2.132620321
3522,1,3522_1,Ts65Dn,Memantine,C/S,0.415446994,0.247626582,3.046875
3522,2,3522_2,Ts65Dn,Memantine,C/S,0.390778318,0.246927694,2.868248071
3522,3,3522_3,Ts65Dn,Memantine,C/S,0.38410849,0.25690001,2.867443415
3522,4,3522_4,Ts65Dn,Memantine,C/S,0.344278607,0.205348259,2.437810945
3522,5,3522_5,Ts65Dn,Memantine,C/S,0.342264477,0.20644524,2.359797506
3522,6,3522_6,Ts65Dn,Memantine,C/S,0.324337234,0.200382135,2.321112969
3522,7,3522_7,Ts65Dn,Memantine,C/S,0.319142732,0.194634786,2.243913107
3522,8,3522_8,Ts65Dn,Memantine,C/S,0.309006661,0.191862149,2.232551405
3522,9,3522_9,Ts65Dn,Memantine,C/S,0.294898382,0.188856629,2.132863266
3522,10,3522_10,Ts65Dn,Memantine,C/S,0.330665543,0.206402696,2.375105307
3522,11,3522_11,Ts65Dn,Memantine,C/S,0.317111771,0.203956479,2.150939664
3522,12,3522_12,Ts65Dn,Memantine,C/S,0.322330483,0.212368264,2.194273215
3522,13,3522_13,Ts65Dn,Memantine,C/S,0.326418395,0.221694576,2.269182704
3522,14,3522_14,Ts65Dn,Memantine,C/S,0.290119289,0.205941931,2.019131218
3522,15,3522_15,Ts65Dn,Memantine,C/S,0.360893324,0.217391304,2.097172725
361,1,361_1,Ts65Dn,Memantine,C/S,0.41784401,0.235920263,2.947164699
361,2,361_2,Ts65Dn,Memantine,C/S,0.418137494,0.237932716,2.96050707
361,3,361_3,Ts65Dn,Memantine,C/S,0.414949188,0.243992782,2.887263748
361,4,361_4,Ts65Dn,Memantine,C/S,0.377915822,0.218940162,2.701698783
361,5,361_5,Ts65Dn,Memantine,C/S,0.390885417,0.2203125,2.6703125
361,6,361_6,Ts65Dn,Memantine,C/S,0.387638256,0.215224463,2.757709824
361,7,361_7,Ts65Dn,Memantine,C/S,0.344299307,0.210288663,2.4771811
361,8,361_8,Ts65Dn,Memantine,C/S,0.351439258,0.203935599,2.526914946
361,9,361_9,Ts65Dn,Memantine,C/S,0.345825427,0.194971537,2.478810879
361,10,361_10,Ts65Dn,Memantine,C/S,0.335981839,0.207340144,2.225879682
361,11,361_11,Ts65Dn,Memantine,C/S,0.331450094,0.20527307,2.256685499
361,12,361_12,Ts65Dn,Memantine,C/S,0.365002891,0.20389285,2.30815186
361,13,361_13,Ts65Dn,Memantine,C/S,0.324859393,0.219797525,2.165129359
361,14,361_14,Ts65Dn,Memantine,C/S,0.331876725,0.236430543,2.213431463
361,15,361_15,Ts65Dn,Memantine,C/S,0.329745821,0.219830547,2.245019464
363,1,363_1,Ts65Dn,Memantine,C/S,0.34209952,0.234831951,2.626909646
363,2,363_2,Ts65Dn,Memantine,C/S,0.342218401,0.233770421,2.545786758
363,3,363_3,Ts65Dn,Memantine,C/S,0.353698451,0.235108008,2.586188086
363,4,363_4,Ts65Dn,Memantine,C/S,0.311645315,0.211890024,2.287030373
363,5,363_5,Ts65Dn,Memantine,C/S,0.325450783,0.218740763,2.364912799
363,6,363_6,Ts65Dn,Memantine,C/S,0.310937282,0.204358151,2.292778321
363,7,363_7,Ts65Dn,Memantine,C/S,0.338902601,0.223087146,2.373457376
363,8,363_8,Ts65Dn,Memantine,C/S,0.330186933,0.224504905,2.359429946
363,9,363_9,Ts65Dn,Memantine,C/S,0.315903354,0.213306888,2.317526145
363,10,363_10,Ts65Dn,Memantine,C/S,0.321024694,0.212785599,2.15531964
363,11,363_11,Ts65Dn,Memantine,C/S,0.359624413,0.21971831,2.194366197
363,12,363_12,Ts65Dn,Memantine,C/S,0.328581611,0.218104063,2.291518175
363,13,363_13,Ts65Dn,Memantine,C/S,0.350989685,0.219682186,2.120713688
363,14,363_14,Ts65Dn,Memantine,C/S,0.331990794,0.233314154,2.174913694
363,15,363_15,Ts65Dn,Memantine,C/S,0.354010387,0.230236584,2.194171956
293,1,293_1,Ts65Dn,Memantine,S/C,0.333575758,0.26230303,2.670424242
293,2,293_2,Ts65Dn,Memantine,S/C,0.301703712,0.239647975,2.490127496
293,3,293_3,Ts65Dn,Memantine,S/C,0.296144472,0.241413694,2.439286506
293,4,293_4,Ts65Dn,Memantine,S/C,0.313085439,0.23389157,2.391143911
293,5,293_5,Ts65Dn,Memantine,S/C,0.302281918,0.239168111,2.454650491
293,6,293_6,Ts65Dn,Memantine,S/C,0.283994528,0.235294118,2.32120383
293,7,293_7,Ts65Dn,Memantine,S/C,0.302443281,0.242059337,2.378359511
293,8,293_8,Ts65Dn,Memantine,S/C,0.279164627,0.219448523,2.229564366
293,9,293_9,Ts65Dn,Memantine,S/C,0.296649146,0.232260184,2.24195138
293,10,293_10,Ts65Dn,Memantine,S/C,0.278100373,0.239527167,2.164869349
293,11,293_11,Ts65Dn,Memantine,S/C,0.270511779,0.233753046,2.113119415
293,12,293_12,Ts65Dn,Memantine,S/C,0.274509804,0.231092437,2.087635054
293,13,293_13,Ts65Dn,Memantine,S/C,0.310115678,0.25695299,2.093034703
293,14,293_14,Ts65Dn,Memantine,S/C,0.262756319,0.254649499,1.998092513
293,15,293_15,Ts65Dn,Memantine,S/C,0.29407389,0.244483015,2.100917431
3411,1,3411_1,Ts65Dn,Memantine,S/C,0.34414025,0.261287224,2.775936599
3411,2,3411_2,Ts65Dn,Memantine,S/C,0.328603792,0.264695362,2.704661977
3411,3,3411_3,Ts65Dn,Memantine,S/C,0.311877309,0.243479234,2.356878988
3411,4,3411_4,Ts65Dn,Memantine,S/C,0.31560821,0.234054277,2.450613032
3411,5,3411_5,Ts65Dn,Memantine,S/C,0.319454415,0.250681981,2.521751615
3411,6,3411_6,Ts65Dn,Memantine,S/C,0.288943425,0.229010592,2.253552054
3411,7,3411_7,Ts65Dn,Memantine,S/C,0.316298343,0.240676796,2.378970994
3411,8,3411_8,Ts65Dn,Memantine,S/C,0.307069344,0.242449806,2.337438839
3411,9,3411_9,Ts65Dn,Memantine,S/C,0.282927616,0.227954216,2.181202644
3411,10,3411_10,Ts65Dn,Memantine,S/C,0.295844986,0.233719537,2.189972034
3411,11,3411_11,Ts65Dn,Memantine,S/C,0.295211713,0.225761773,2.094974278
3411,12,3411_12,Ts65Dn,Memantine,S/C,0.286300567,0.226304475,2.043971077
3411,13,3411_13,Ts65Dn,Memantine,S/C,0.307088432,0.217039945,2.07850381
3411,14,3411_14,Ts65Dn,Memantine,S/C,0.303402647,0.229206049,2.108695652
3411,15,3411_15,Ts65Dn,Memantine,S/C,0.298298068,0.258279669,2.015869365
3418,1,3418_1,Ts65Dn,Memantine,S/C,0.355306872,0.231509005,2.735093548
3418,2,3418_2,Ts65Dn,Memantine,S/C,0.333894595,0.218218555,2.618117528
3418,3,3418_3,Ts65Dn,Memantine,S/C,0.32032,0.21232,2.41296
3418,4,3418_4,Ts65Dn,Memantine,S/C,0.347986097,0.203843795,2.524023717
3418,5,3418_5,Ts65Dn,Memantine,S/C,0.37013519,0.237812372,2.443875461
3418,6,3418_6,Ts65Dn,Memantine,S/C,0.312560668,0.205202873,2.305571734
3418,7,3418_7,Ts65Dn,Memantine,S/C,0.328750307,0.202307881,2.387429413
3418,8,3418_8,Ts65Dn,Memantine,S/C,0.347462062,0.226059655,2.397697541
3418,9,3418_9,Ts65Dn,Memantine,S/C,0.287719298,0.198362573,2.12
3418,10,3418_10,Ts65Dn,Memantine,S/C,0.31787361,0.179549769,1.968538107
3418,11,3418_11,Ts65Dn,Memantine,S/C,0.319849754,0.207743427,2.097370702
3418,12,3418_12,Ts65Dn,Memantine,S/C,0.295291301,0.193136472,1.913008779
3418,13,3418_13,Ts65Dn,Memantine,S/C,0.294469357,0.184753363,1.843049327
3418,14,3418_14,Ts65Dn,Memantine,S/C,0.307430341,0.192569659,1.920433437
3418,15,3418_15,Ts65Dn,Memantine,S/C,0.303125987,0.195137354,1.918850647
3501,1,3501_1,Ts65Dn,Memantine,S/C,0.362708102,0.267924528,2.79145394
3501,2,3501_2,Ts65Dn,Memantine,S/C,0.363838789,0.282119795,2.860164774
3501,3,3501_3,Ts65Dn,Memantine,S/C,0.370070114,0.287576687,2.892638037
3501,4,3501_4,Ts65Dn,Memantine,S/C,0.349724518,0.250964187,2.728236915
3501,5,3501_5,Ts65Dn,Memantine,S/C,0.353193848,0.256616323,2.832201746
3501,6,3501_6,Ts65Dn,Memantine,S/C,0.378771256,0.262753703,2.825287987
3501,7,3501_7,Ts65Dn,Memantine,S/C,0.335163892,0.236313712,2.638235799
3501,8,3501_8,Ts65Dn,Memantine,S/C,0.345006702,0.254524129,2.629859249
3501,9,3501_9,Ts65Dn,Memantine,S/C,0.348993289,0.245973154,2.665436242
3501,10,3501_10,Ts65Dn,Memantine,S/C,0.321604662,0.22523532,2.430300314
3501,11,3501_11,Ts65Dn,Memantine,S/C,0.328235816,0.231161348,2.432402482
3501,12,3501_12,Ts65Dn,Memantine,S/C,0.383583447,0.239427012,2.534561164
3501,13,3501_13,Ts65Dn,Memantine,S/C,0.349829798,0.234354543,2.398795496
3501,14,3501_14,Ts65Dn,Memantine,S/C,0.378558127,0.248470338,2.457302474
3501,15,3501_15,Ts65Dn,Memantine,S/C,0.364004317,0.257960065,2.565569347
3502,1,3502_1,Ts65Dn,Memantine,S/C,0.376906928,0.252764171,2.528481456
3502,2,3502_2,Ts65Dn,Memantine,S/C,0.405281941,0.266809422,2.686509636
3502,3,3502_3,Ts65Dn,Memantine,S/C,0.397754725,0.268011937,2.673014068
3502,4,3502_4,Ts65Dn,Memantine,S/C,0.360998053,0.251813838,2.524685896
3502,5,3502_5,Ts65Dn,Memantine,S/C,0.377518558,0.255390597,2.54524567
3502,6,3502_6,Ts65Dn,Memantine,S/C,0.394223955,0.271438696,2.651842665
3502,7,3502_7,Ts65Dn,Memantine,S/C,0.350045167,0.254742547,2.480126468
3502,8,3502_8,Ts65Dn,Memantine,S/C,0.35745614,0.254605263,2.478508772
3502,9,3502_9,Ts65Dn,Memantine,S/C,0.361912969,0.249892288,2.520896165
3502,10,3502_10,Ts65Dn,Memantine,S/C,0.373277075,0.264416315,2.545428973
3502,11,3502_11,Ts65Dn,Memantine,S/C,0.384742495,0.254750757,2.507022859
3502,12,3502_12,Ts65Dn,Memantine,S/C,0.38209266,0.245705362,2.416189485
3502,13,3502_13,Ts65Dn,Memantine,S/C,0.351963746,0.295694864,2.570996979
3502,14,3502_14,Ts65Dn,Memantine,S/C,0.335646457,0.302410519,2.477720964
3502,15,3502_15,Ts65Dn,Memantine,S/C,0.401746725,0.294032023,2.539665211
3530,1,3530_1,Ts65Dn,Memantine,S/C,0.324040456,0.216286307,2.8344139
3530,2,3530_2,Ts65Dn,Memantine,S/C,0.307672436,0.212994058,2.77124774
3530,3,3530_3,Ts65Dn,Memantine,S/C,0.321766153,0.211187362,2.789071604
3530,4,3530_4,Ts65Dn,Memantine,S/C,0.323880597,0.22106136,2.755389718
3530,5,3530_5,Ts65Dn,Memantine,S/C,0.301774194,0.211451613,2.673548387
3530,6,3530_6,Ts65Dn,Memantine,S/C,0.301782616,0.206026187,2.600567913
3530,7,3530_7,Ts65Dn,Memantine,S/C,0.307172131,0.226229508,2.68852459
3530,8,3530_8,Ts65Dn,Memantine,S/C,0.292993631,0.217356688,2.603702229
3530,9,3530_9,Ts65Dn,Memantine,S/C,0.287794597,0.207702625,2.471163058
3530,10,3530_10,Ts65Dn,Memantine,S/C,0.293150012,0.227596366,2.490547508
3530,11,3530_11,Ts65Dn,Memantine,S/C,0.300911106,0.236394977,2.507017976
3530,12,3530_12,Ts65Dn,Memantine,S/C,0.34691358,0.225925926,2.48
3530,13,3530_13,Ts65Dn,Memantine,S/C,0.307038123,0.273607038,2.351612903
3530,14,3530_14,Ts65Dn,Memantine,S/C,0.356547619,0.247321429,2.406845238
3530,15,3530_15,Ts65Dn,Memantine,S/C,0.362496176,0.250535332,2.449984705
3534,1,3534_1,Ts65Dn,Memantine,S/C,0.340994047,0.248788592,2.677973141
3534,2,3534_2,Ts65Dn,Memantine,S/C,0.331378299,0.251501187,2.742214774
3534,3,3534_3,Ts65Dn,Memantine,S/C,0.341868317,0.251125492,2.735790658
3534,4,3534_4,Ts65Dn,Memantine,S/C,0.292350624,0.230137886,2.470617203
3534,5,3534_5,Ts65Dn,Memantine,S/C,0.31951431,0.244579358,2.572072853
3534,6,3534_6,Ts65Dn,Memantine,S/C,0.318478069,0.260524925,2.536022547
3534,7,3534_7,Ts65Dn,Memantine,S/C,0.278992984,0.239991746,2.388774247
3534,8,3534_8,Ts65Dn,Memantine,S/C,0.300922945,0.243185233,2.434427989
3534,9,3534_9,Ts65Dn,Memantine,S/C,0.285118799,0.236973739,2.403293039
3534,10,3534_10,Ts65Dn,Memantine,S/C,0.28775715,0.232062218,2.326894129
3534,11,3534_11,Ts65Dn,Memantine,S/C,0.290522148,0.230635981,2.246473645
3534,12,3534_12,Ts65Dn,Memantine,S/C,0.292898661,0.233762952,2.278493808
3534,13,3534_13,Ts65Dn,Memantine,S/C,0.322620519,0.25092707,2.232076638
3534,14,3534_14,Ts65Dn,Memantine,S/C,0.304166667,0.268269231,2.335576923
3534,15,3534_15,Ts65Dn,Memantine,S/C,0.317226891,0.2469988,2.216986795
3605,1,3605_1,Ts65Dn,Memantine,S/C,0.323769942,0.225231264,2.440541628
3605,2,3605_2,Ts65Dn,Memantine,S/C,0.33462229,0.241265019,2.589283248
3605,3,3605_3,Ts65Dn,Memantine,S/C,0.335551331,0.245382944,2.5640956
3605,4,3605_4,Ts65Dn,Memantine,S/C,0.317704918,0.214590164,2.33
3605,5,3605_5,Ts65Dn,Memantine,S/C,0.328301887,0.222641509,2.426758148
3605,6,3605_6,Ts65Dn,Memantine,S/C,0.332590051,0.238936535,2.507204117
3605,7,3605_7,Ts65Dn,Memantine,S/C,0.309609972,0.217933253,2.1982308
3605,8,3605_8,Ts65Dn,Memantine,S/C,0.313864062,0.222199127,2.321346913
3605,9,3605_9,Ts65Dn,Memantine,S/C,0.320291363,0.236212279,2.376690947
3605,10,3605_10,Ts65Dn,Memantine,S/C,0.318397997,0.223529412,2.119649562
3605,11,3605_11,Ts65Dn,Memantine,S/C,0.332208669,0.232026992,2.268102777
3605,12,3605_12,Ts65Dn,Memantine,S/C,0.338646459,0.242487588,2.288476614
3605,13,3605_13,Ts65Dn,Memantine,S/C,0.327122153,0.226560189,2.089618456
3605,14,3605_14,Ts65Dn,Memantine,S/C,0.324705206,0.232959448,2.056945643
3605,15,3605_15,Ts65Dn,Memantine,S/C,0.37388535,0.255414013,2.30955414
3606,1,3606_1,Ts65Dn,Memantine,S/C,0.322897623,0.202582267,2.288391225
3606,2,3606_2,Ts65Dn,Memantine,S/C,0.303896677,0.201346727,2.242852412
3606,3,3606_3,Ts65Dn,Memantine,S/C,0.318074191,0.199458789,2.300710339
3606,4,3606_4,Ts65Dn,Memantine,S/C,0.291967701,0.184445389,2.241535628
3606,5,3606_5,Ts65Dn,Memantine,S/C,0.277103614,0.178023736,2.088145086
3606,6,3606_6,Ts65Dn,Memantine,S/C,0.276840806,0.187851364,2.202248732
3606,7,3606_7,Ts65Dn,Memantine,S/C,0.281387479,0.182402707,2.151099831
3606,8,3606_8,Ts65Dn,Memantine,S/C,0.268012473,0.177909076,2.026587888
3606,9,3606_9,Ts65Dn,Memantine,S/C,0.274716236,0.168448758,2.04227669
3606,10,3606_10,Ts65Dn,Memantine,S/C,0.272150604,0.188868426,1.903212605
3606,11,3606_11,Ts65Dn,Memantine,S/C,0.28491155,0.191467222,1.953173777
3606,12,3606_12,Ts65Dn,Memantine,S/C,0.273053892,0.161277445,1.84510978
3606,13,3606_13,Ts65Dn,Memantine,S/C,0.268309535,0.162367573,1.787655458
3606,14,3606_14,Ts65Dn,Memantine,S/C,0.286512758,0.165978129,1.889914945
3606,15,3606_15,Ts65Dn,Memantine,S/C,0.264487714,0.157626333,1.802271674
18899,1,18899_1,Ts65Dn,Saline,C/S,0.316018767,0.19269437,2.204591153
18899,2,18899_2,Ts65Dn,Saline,C/S,0.324896694,0.198863636,2.285640496
18899,3,18899_3,Ts65Dn,Saline,C/S,0.356136821,0.192655936,2.330147552
18899,4,18899_4,Ts65Dn,Saline,C/S,0.295107632,0.194520548,2.008023483
18899,5,18899_5,Ts65Dn,Saline,C/S,0.314599751,0.210700954,2.194110328
18899,6,18899_6,Ts65Dn,Saline,C/S,0.326169914,0.198835107,2.174733882
18899,7,18899_7,Ts65Dn,Saline,C/S,0.270482071,0.199477559,1.912609831
18899,8,18899_8,Ts65Dn,Saline,C/S,0.26754386,0.205653021,2.019249513
18899,9,18899_9,Ts65Dn,Saline,C/S,0.308209313,0.201632261,2.096975516
18899,10,18899_10,Ts65Dn,Saline,C/S,0.267427123,0.205956907,1.878010139
18899,11,18899_11,Ts65Dn,Saline,C/S,0.276097561,0.217235772,1.929105691
18899,12,18899_12,Ts65Dn,Saline,C/S,0.29535184,0.21626856,1.996772111
18899,13,18899_13,Ts65Dn,Saline,C/S,0.292274052,0.229227405,1.909620991
18899,14,18899_14,Ts65Dn,Saline,C/S,0.286921381,0.267817781,1.939382807
18899,15,18899_15,Ts65Dn,Saline,C/S,0.290876565,0.231127013,1.921288014
3476,1,3476_1,Ts65Dn,Saline,C/S,0.352553263,0.279675347,2.693523842
3476,2,3476_2,Ts65Dn,Saline,C/S,0.347528647,0.294510005,2.630494271
3476,3,3476_3,Ts65Dn,Saline,C/S,0.370934869,0.306247231,2.642268498
3476,4,3476_4,Ts65Dn,Saline,C/S,0.300496593,0.23790276,2.129922624
3476,5,3476_5,Ts65Dn,Saline,C/S,0.29487029,0.238173495,2.133348985
3476,6,3476_6,Ts65Dn,Saline,C/S,0.304107615,0.259548403,2.213547922
3476,7,3476_7,Ts65Dn,Saline,C/S,0.291847237,0.229279523,2.15804442
3476,8,3476_8,Ts65Dn,Saline,C/S,0.302107728,0.2487946,2.180741149
3476,9,3476_9,Ts65Dn,Saline,C/S,0.292148266,0.232894912,2.113192507
3476,10,3476_10,Ts65Dn,Saline,C/S,0.332319256,0.241947029,2.110415175
3476,11,3476_11,Ts65Dn,Saline,C/S,0.301669959,0.233435087,2.063386604
3476,12,3476_12,Ts65Dn,Saline,C/S,0.288273616,0.204885993,1.905863192
3476,13,3476_13,Ts65Dn,Saline,C/S,0.282316241,0.232014038,1.932930396
3476,14,3476_14,Ts65Dn,Saline,C/S,0.284848485,0.234545455,2.009090909
3476,15,3476_15,Ts65Dn,Saline,C/S,0.289833911,0.199306443,1.792297865
3483,1,3483_1,Ts65Dn,Saline,C/S,0.355557569,0.245221487,2.433010236
3483,2,3483_2,Ts65Dn,Saline,C/S,0.337886987,0.239332919,2.343386854
3483,3,3483_3,Ts65Dn,Saline,C/S,0.346877748,0.240545295,2.456112577
3483,4,3483_4,Ts65Dn,Saline,C/S,0.294829732,0.202851001,2.068672927
3483,5,3483_5,Ts65Dn,Saline,C/S,0.288591372,0.214326582,2.035587596
3483,6,3483_6,Ts65Dn,Saline,C/S,0.294651163,0.209418605,2.076860465
3483,7,3483_7,Ts65Dn,Saline,C/S,0.285349462,0.195833333,1.979973118
3483,8,3483_8,Ts65Dn,Saline,C/S,0.271282934,0.189196346,1.969416126
3483,9,3483_9,Ts65Dn,Saline,C/S,0.279176201,0.19504644,1.99380805
3483,10,3483_10,Ts65Dn,Saline,C/S,0.25462963,0.185541311,1.83048433
3483,11,3483_11,Ts65Dn,Saline,C/S,0.259678275,0.17836309,1.815273113
3483,12,3483_12,Ts65Dn,Saline,C/S,0.247709594,0.179429559,1.780466724
3483,13,3483_13,Ts65Dn,Saline,C/S,0.24376123,0.176681972,1.793970852
3483,14,3483_14,Ts65Dn,Saline,C/S,0.24195122,0.167609756,1.740878049
3483,15,3483_15,Ts65Dn,Saline,C/S,0.239984366,0.188587063,1.739886652
3498,1,3498_1,Ts65Dn,Saline,C/S,0.320743754,0.201723804,2.302827813
3498,2,3498_2,Ts65Dn,Saline,C/S,0.33959825,0.205946698,2.334526651
3498,3,3498_3,Ts65Dn,Saline,C/S,0.339729922,0.212305818,2.308457711
3498,4,3498_4,Ts65Dn,Saline,C/S,0.289645185,0.195631185,2.064687425
3498,5,3498_5,Ts65Dn,Saline,C/S,0.324456163,0.213052076,2.280158207
3498,6,3498_6,Ts65Dn,Saline,C/S,0.322087093,0.215117039,2.250948084
3498,7,3498_7,Ts65Dn,Saline,C/S,0.268760064,0.2,2.101449275
3498,8,3498_8,Ts65Dn,Saline,C/S,0.287444021,0.202355283,2.110963676
3498,9,3498_9,Ts65Dn,Saline,C/S,0.290756303,0.208907563,2.120336134
3498,10,3498_10,Ts65Dn,Saline,C/S,0.24515634,0.234413965,1.838480721
3498,11,3498_11,Ts65Dn,Saline,C/S,0.266422615,0.207240187,1.968476713
3498,12,3498_12,Ts65Dn,Saline,C/S,0.28220339,0.207415254,2.070974576
3498,13,3498_13,Ts65Dn,Saline,C/S,0.254906334,0.22279215,1.861730598
3498,14,3498_14,Ts65Dn,Saline,C/S,0.262723845,0.211121583,1.926720075
3498,15,3498_15,Ts65Dn,Saline,C/S,0.265834077,0.194469224,1.860392507
50810B,1,50810B_1,Ts65Dn,Saline,C/S,0.342748777,0.210200619,2.61772632
50810B,2,50810B_2,Ts65Dn,Saline,C/S,0.343921686,0.200479473,2.618719409
50810B,3,50810B_3,Ts65Dn,Saline,C/S,0.337325741,0.199980365,2.607500491
50810B,4,50810B_4,Ts65Dn,Saline,C/S,0.304595469,0.192880259,2.377734628
50810B,5,50810B_5,Ts65Dn,Saline,C/S,0.295302013,0.189692288,2.322274281
50810B,6,50810B_6,Ts65Dn,Saline,C/S,0.292914172,0.173153693,2.264595808
50810B,7,50810B_7,Ts65Dn,Saline,C/S,0.278250901,0.171798231,2.174582378
50810B,8,50810B_8,Ts65Dn,Saline,C/S,0.271983312,0.166720154,2.144255456
50810B,9,50810B_9,Ts65Dn,Saline,C/S,0.290728044,0.166829905,2.149200131
50810B,10,50810B_10,Ts65Dn,Saline,C/S,0.255748738,0.149560666,1.936623668
50810B,11,50810B_11,Ts65Dn,Saline,C/S,0.247881738,0.163511808,1.87236344
50810B,12,50810B_12,Ts65Dn,Saline,C/S,0.258141674,0.165041398,1.946642134
50810B,13,50810B_13,Ts65Dn,Saline,C/S,0.245064998,0.158401541,1.843283582
50810B,14,50810B_14,Ts65Dn,Saline,C/S,0.245794393,0.173130841,1.810981308
50810B,15,50810B_15,Ts65Dn,Saline,C/S,0.242114817,0.14545042,1.791014295
50810C,1,50810C_1,Ts65Dn,Saline,C/S,0.442335971,0.262796723,2.883551572
50810C,2,50810C_2,Ts65Dn,Saline,C/S,0.441596459,0.263601314,2.923104384
50810C,3,50810C_3,Ts65Dn,Saline,C/S,0.464848359,0.249774447,2.995766535
50810C,4,50810C_4,Ts65Dn,Saline,C/S,0.373247442,0.228021978,2.557313376
50810C,5,50810C_5,Ts65Dn,Saline,C/S,0.381948424,0.221680993,2.662082139
50810C,6,50810C_6,Ts65Dn,Saline,C/S,0.374207385,0.217456173,2.533196568
50810C,7,50810C_7,Ts65Dn,Saline,C/S,0.33790436,0.206868261,2.45241444
50810C,8,50810C_8,Ts65Dn,Saline,C/S,0.341565259,0.205559532,2.437842997
50810C,9,50810C_9,Ts65Dn,Saline,C/S,0.342226965,0.198861615,2.498280564
50810C,10,50810C_10,Ts65Dn,Saline,C/S,0.312548593,0.200124397,2.28487016
50810C,11,50810C_11,Ts65Dn,Saline,C/S,0.301582228,0.203771776,2.342336583
50810C,12,50810C_12,Ts65Dn,Saline,C/S,0.30803097,0.19250038,2.244724457
50810C,13,50810C_13,Ts65Dn,Saline,C/S,0.294337698,0.205407244,2.139091991
50810C,14,50810C_14,Ts65Dn,Saline,C/S,0.285146118,0.190731454,2.180356216
50810C,15,50810C_15,Ts65Dn,Saline,C/S,0.309030958,0.216523173,2.316541491
50810E,1,50810E_1,Ts65Dn,Saline,C/S,0.376709895,0.24054006,2.629863208
50810E,2,50810E_2,Ts65Dn,Saline,C/S,0.383856343,0.233531869,2.578540315
50810E,3,50810E_3,Ts65Dn,Saline,C/S,0.386225646,0.239963752,2.721975532
50810E,4,50810E_4,Ts65Dn,Saline,C/S,0.333832522,0.207912143,2.341819543
50810E,5,50810E_5,Ts65Dn,Saline,C/S,0.331712184,0.208380097,2.299912707
50810E,6,50810E_6,Ts65Dn,Saline,C/S,0.330872231,0.20760856,2.34351145
50810E,7,50810E_7,Ts65Dn,Saline,C/S,0.299756172,0.192776593,2.125114294
50810E,8,50810E_8,Ts65Dn,Saline,C/S,0.306177977,0.202784891,2.233034571
50810E,9,50810E_9,Ts65Dn,Saline,C/S,0.305586153,0.200786782,2.220456334
50810E,10,50810E_10,Ts65Dn,Saline,C/S,0.29617737,0.204740061,2.193272171
50810E,11,50810E_11,Ts65Dn,Saline,C/S,0.2906381,0.206800186,2.266884024
50810E,12,50810E_12,Ts65Dn,Saline,C/S,0.296423017,0.206376361,2.231570762
50810E,13,50810E_13,Ts65Dn,Saline,C/S,0.278855032,0.216989843,2.071468144
50810E,14,50810E_14,Ts65Dn,Saline,C/S,0.276118018,0.209129709,2.081833364
50810E,15,50810E_15,Ts65Dn,Saline,C/S,0.290978158,0.209116809,2.147198481
3421,1,3421_1,Ts65Dn,Saline,S/C,0.323672384,0.223424745,2.02806567
3421,2,3421_2,Ts65Dn,Saline,S/C,0.317242657,0.243861762,2.011118317
3421,3,3421_3,Ts65Dn,Saline,S/C,0.345640526,0.261568436,2.153044325
3421,4,3421_4,Ts65Dn,Saline,S/C,0.300678952,0.204440134,1.817544994
3421,5,3421_5,Ts65Dn,Saline,S/C,0.301781113,0.210148986,1.913744819
3421,6,3421_6,Ts65Dn,Saline,S/C,0.310188416,0.211095604,1.924401023
3421,7,3421_7,Ts65Dn,Saline,S/C,0.250059538,0.163967611,1.501547988
3421,8,3421_8,Ts65Dn,Saline,S/C,0.258629846,0.184678704,1.714285714
3421,9,3421_9,Ts65Dn,Saline,S/C,0.277329939,0.19601188,1.781643332
3421,10,3421_10,Ts65Dn,Saline,S/C,0.234618182,0.156654545,1.44
3421,11,3421_11,Ts65Dn,Saline,S/C,0.248693835,0.165397821,1.460665771
3421,12,3421_12,Ts65Dn,Saline,S/C,0.276657553,0.184039645,1.674128503
3421,13,3421_13,Ts65Dn,Saline,S/C,0.241693291,0.162779553,1.330830671
3421,14,3421_14,Ts65Dn,Saline,S/C,0.239036145,0.155823293,1.346827309
3421,15,3421_15,Ts65Dn,Saline,S/C,0.289689346,0.181055841,1.589289118
3425,1,3425_1,Ts65Dn,Saline,S/C,0.318812076,0.246435244,2.426885633
3425,2,3425_2,Ts65Dn,Saline,S/C,0.314783427,0.229661017,2.332015066
3425,3,3425_3,Ts65Dn,Saline,S/C,0.298396702,0.226843793,2.309665598
3425,4,3425_4,Ts65Dn,Saline,S/C,0.284404748,0.216241627,2.164179104
3425,5,3425_5,Ts65Dn,Saline,S/C,0.269501172,0.204553063,2.031692891
3425,6,3425_6,Ts65Dn,Saline,S/C,0.261558931,0.198691651,2.055105888
3425,7,3425_7,Ts65Dn,Saline,S/C,0.260963336,0.193961179,1.975557153
3425,8,3425_8,Ts65Dn,Saline,S/C,0.234376997,0.170223642,1.773929712
3425,9,3425_9,Ts65Dn,Saline,S/C,0.235013536,0.169008637,1.768982854
3425,10,3425_10,Ts65Dn,Saline,S/C,0.246042216,0.166062005,1.733509235
3425,11,3425_11,Ts65Dn,Saline,S/C,0.207662835,0.156321839,1.590038314
3425,12,3425_12,Ts65Dn,Saline,S/C,0.216283022,0.154333385,1.619032906
3425,13,3425_13,Ts65Dn,Saline,S/C,0.203435805,0.157142857,1.484990958
3425,14,3425_14,Ts65Dn,Saline,S/C,0.206748795,0.154258168,1.466880914
3425,15,3425_15,Ts65Dn,Saline,S/C,0.194159569,0.148096645,1.414913958
3426,1,3426_1,Ts65Dn,Saline,S/C,0.409320273,0.255664391,2.68328881
3426,2,3426_2,Ts65Dn,Saline,S/C,0.38732662,0.251377541,2.608018241
3426,3,3426_3,Ts65Dn,Saline,S/C,0.376439841,0.259413416,2.620559481
3426,4,3426_4,Ts65Dn,Saline,S/C,0.382957393,0.243734336,2.445614035
3426,5,3426_5,Ts65Dn,Saline,S/C,0.347259711,0.234714235,2.367210421
3426,6,3426_6,Ts65Dn,Saline,S/C,0.347187086,0.255270449,2.384170582
3426,7,3426_7,Ts65Dn,Saline,S/C,0.344047433,0.233577781,2.308472461
3426,8,3426_8,Ts65Dn,Saline,S/C,0.316564242,0.221809347,2.104044591
3426,9,3426_9,Ts65Dn,Saline,S/C,0.321840803,0.231899265,2.183930445
3426,10,3426_10,Ts65Dn,Saline,S/C,0.318545455,0.223454545,2.072
3426,11,3426_11,Ts65Dn,Saline,S/C,0.297992251,0.217506164,2.004931314
3426,12,3426_12,Ts65Dn,Saline,S/C,0.301539012,0.226735863,2.062813171
3426,13,3426_13,Ts65Dn,Saline,S/C,NA,NA,NA
3426,14,3426_14,Ts65Dn,Saline,S/C,NA,NA,NA
3426,15,3426_15,Ts65Dn,Saline,S/C,NA,NA,NA
3491,1,3491_1,Ts65Dn,Saline,S/C,0.383866599,0.283561876,2.598103944
3491,2,3491_2,Ts65Dn,Saline,S/C,0.401131396,0.297420074,2.647295792
3491,3,3491_3,Ts65Dn,Saline,S/C,0.380524152,0.304556355,2.646282974
3491,4,3491_4,Ts65Dn,Saline,S/C,0.353676626,0.284700148,2.509218055
3491,5,3491_5,Ts65Dn,Saline,S/C,0.352658016,0.272917539,2.413980745
3491,6,3491_6,Ts65Dn,Saline,S/C,0.332892999,0.267147648,2.357280764
3491,7,3491_7,Ts65Dn,Saline,S/C,0.3433687,0.236870027,2.235676393
3491,8,3491_8,Ts65Dn,Saline,S/C,0.313407676,0.235736515,2.157157676
3491,9,3491_9,Ts65Dn,Saline,S/C,0.289785933,0.226911315,2.051009174
3491,10,3491_10,Ts65Dn,Saline,S/C,0.363295241,0.237932799,2.321848883
3491,11,3491_11,Ts65Dn,Saline,S/C,0.385961959,0.233630702,2.250126241
3491,12,3491_12,Ts65Dn,Saline,S/C,0.361929853,0.232175202,2.1967726
3491,13,3491_13,Ts65Dn,Saline,S/C,0.358586933,0.267290913,2.208129389
3491,14,3491_14,Ts65Dn,Saline,S/C,0.362458194,0.261078595,2.115593645
3491,15,3491_15,Ts65Dn,Saline,S/C,0.356124807,0.228043143,1.955123267
3513,1,3513_1,Ts65Dn,Saline,S/C,0.374946966,0.256470089,2.846414934
3513,2,3513_2,Ts65Dn,Saline,S/C,0.387617179,0.269239154,2.855788097
3513,3,3513_3,Ts65Dn,Saline,S/C,0.380380705,0.264330521,2.874972961
3513,4,3513_4,Ts65Dn,Saline,S/C,0.399491435,0.245182013,2.748260171
3513,5,3513_5,Ts65Dn,Saline,S/C,0.357768495,0.244710955,2.67308988
3513,6,3513_6,Ts65Dn,Saline,S/C,0.312658995,0.223622047,2.443973349
3513,7,3513_7,Ts65Dn,Saline,S/C,0.366357069,0.23374613,2.590815273
3513,8,3513_8,Ts65Dn,Saline,S/C,0.336960218,0.22849371,2.517851071
3513,9,3513_9,Ts65Dn,Saline,S/C,0.317010722,0.218915026,2.355576892
3513,10,3513_10,Ts65Dn,Saline,S/C,0.332731649,0.225631769,2.373445648
3513,11,3513_11,Ts65Dn,Saline,S/C,0.292499542,0.202824134,2.145424537
3513,12,3513_12,Ts65Dn,Saline,S/C,0.303364379,0.21231705,2.18570614
3513,13,3513_13,Ts65Dn,Saline,S/C,0.325908558,0.21852286,2.246424385
3513,14,3513_14,Ts65Dn,Saline,S/C,0.317004899,0.218801026,2.233496618
3513,15,3513_15,Ts65Dn,Saline,S/C,0.291444421,0.20631534,2.003200341
3517,1,3517_1,Ts65Dn,Saline,S/C,0.403592979,0.251645639,3.035518376
3517,2,3517_2,Ts65Dn,Saline,S/C,0.390864943,0.237432734,2.858905368
3517,3,3517_3,Ts65Dn,Saline,S/C,0.370728562,0.237395229,2.7103804
3517,4,3517_4,Ts65Dn,Saline,S/C,0.375518672,0.227736993,2.709224386
3517,5,3517_5,Ts65Dn,Saline,S/C,0.344653715,0.226457067,2.459884324
3517,6,3517_6,Ts65Dn,Saline,S/C,0.385701275,0.216757741,2.483151184
3517,7,3517_7,Ts65Dn,Saline,S/C,0.376144879,0.229808493,2.774771024
3517,8,3517_8,Ts65Dn,Saline,S/C,0.326144533,0.210556186,2.487892546
3517,9,3517_9,Ts65Dn,Saline,S/C,0.363264547,0.20319762,2.409369771
3517,10,3517_10,Ts65Dn,Saline,S/C,0.379560155,0.227684347,2.689262613
3517,11,3517_11,Ts65Dn,Saline,S/C,0.346371348,0.204288407,2.356974552
3517,12,3517_12,Ts65Dn,Saline,S/C,0.314810811,0.186594595,2.175135135
3517,13,3517_13,Ts65Dn,Saline,S/C,0.395093063,0.197969543,2.196559504
3517,14,3517_14,Ts65Dn,Saline,S/C,0.361792956,0.186766275,2.049893276
3517,15,3517_15,Ts65Dn,Saline,S/C,0.336905059,0.163219537,1.870919512
3525,1,3525_1,Ts65Dn,Saline,S/C,0.417970722,0.283493185,2.796769308
3525,2,3525_2,Ts65Dn,Saline,S/C,0.435056877,0.297931748,2.974974147
3525,3,3525_3,Ts65Dn,Saline,S/C,0.44335837,0.299207737,2.978289948
3525,4,3525_4,Ts65Dn,Saline,S/C,0.403841388,0.242750929,2.594052045
3525,5,3525_5,Ts65Dn,Saline,S/C,0.425733806,0.264423077,2.637525304
3525,6,3525_6,Ts65Dn,Saline,S/C,0.439751395,0.273972603,2.702308473
3525,7,3525_7,Ts65Dn,Saline,S/C,0.383499103,0.244741562,2.470895157
3525,8,3525_8,Ts65Dn,Saline,S/C,0.405295316,0.253903598,2.652579769
3525,9,3525_9,Ts65Dn,Saline,S/C,0.4041518,0.244242621,2.623905287
3525,10,3525_10,Ts65Dn,Saline,S/C,0.420482931,0.25020816,2.543713572
3525,11,3525_11,Ts65Dn,Saline,S/C,0.399101307,0.232638889,2.527573529
3525,12,3525_12,Ts65Dn,Saline,S/C,0.431650369,0.239074037,2.527040511
3525,13,3525_13,Ts65Dn,Saline,S/C,0.361243419,0.254951116,2.412885435
3525,14,3525_14,Ts65Dn,Saline,S/C,0.390353058,0.24067628,2.445052213
3525,15,3525_15,Ts65Dn,Saline,S/C,0.386275461,0.242725509,2.473811833
J1291,1,J1291_1,Ts65Dn,Saline,S/C,0.320348007,0.245033113,2.36579665
J1291,2,J1291_2,Ts65Dn,Saline,S/C,0.319745897,0.250661726,2.425489677
J1291,3,J1291_3,Ts65Dn,Saline,S/C,0.32629913,0.252967555,2.383935637
J1291,4,J1291_4,Ts65Dn,Saline,S/C,0.303124033,0.229044231,2.213269409
J1291,5,J1291_5,Ts65Dn,Saline,S/C,0.300984103,0.232248297,2.157153671
J1291,6,J1291_6,Ts65Dn,Saline,S/C,0.329316632,0.245758681,2.222292691
J1291,7,J1291_7,Ts65Dn,Saline,S/C,0.296071361,0.227747201,2.140444107
J1291,8,J1291_8,Ts65Dn,Saline,S/C,0.279349904,0.238240918,2.124282983
J1291,9,J1291_9,Ts65Dn,Saline,S/C,0.283381364,0.236887608,2.131219981
J1291,10,J1291_10,Ts65Dn,Saline,S/C,0.276428571,0.27452381,2.082619048
J1291,11,J1291_11,Ts65Dn,Saline,S/C,0.275943956,0.243172643,2.052244123
J1291,12,J1291_12,Ts65Dn,Saline,S/C,0.274344794,0.250540995,2.081990863
J1291,13,J1291_13,Ts65Dn,Saline,S/C,0.25343189,0.274551214,1.889915523
J1291,14,J1291_14,Ts65Dn,Saline,S/C,0.255145119,0.24353562,1.901846966
J1291,15,J1291_15,Ts65Dn,Saline,S/C,0.282578875,0.247462277,2.007407407
J3295,1,J3295_1,Ts65Dn,Saline,S/C,0.344687842,0.259693319,2.715334064
J3295,2,J3295_2,Ts65Dn,Saline,S/C,0.354466542,0.251620701,2.694429184
J3295,3,J3295_3,Ts65Dn,Saline,S/C,0.362811029,0.261488456,2.791974894
J3295,4,J3295_4,Ts65Dn,Saline,S/C,0.313620306,0.23119194,2.545073924
J3295,5,J3295_5,Ts65Dn,Saline,S/C,0.334691196,0.22890933,2.548357424
J3295,6,J3295_6,Ts65Dn,Saline,S/C,0.314914941,0.241856785,2.544507451
J3295,7,J3295_7,Ts65Dn,Saline,S/C,0.290575916,0.206036341,2.314752079
J3295,8,J3295_8,Ts65Dn,Saline,S/C,0.316403785,0.215457413,2.3170347
J3295,9,J3295_9,Ts65Dn,Saline,S/C,0.299644568,0.221758615,2.290990573
J3295,10,J3295_10,Ts65Dn,Saline,S/C,0.254438808,0.187381103,1.868896639
J3295,11,J3295_11,Ts65Dn,Saline,S/C,0.254860375,0.207317073,2.092082008
J3295,12,J3295_12,Ts65Dn,Saline,S/C,0.251637555,0.216339156,2.161390102
J3295,13,J3295_13,Ts65Dn,Saline,S/C,0.234118087,0.185164425,1.733183857
J3295,14,J3295_14,Ts65Dn,Saline,S/C,0.243974133,0.192043896,1.876347247
J3295,15,J3295_15,Ts65Dn,Saline,S/C,0.256564308,0.223631509,2.092790387
